case,sample_rate_hz,phase_samples,true_gap_ms,geometry,threshold_source,estimated_cell_gap_ms,support_gap_ms,low,high,final_regions,mae_ms,rmse_ms,matched_boundary_mae_ms,matched_boundary_rmse_ms,ground_truth_region_count,predicted_region_count,matched_region_count,missing_region_count,extra_region_count,region_pairs,signed_endpoint_errors_ms,status,start_error_ms,end_error_ms,start_abs_error_ms,end_abs_error_ms
physical_gap,16000,0,190.0,cells,fixed diagnostic LOW=.1 HIGH=.5,170.00000000000003,154.99999999999997,0.1,0.5,"[[0.0875, 0.8975]]",null,null,254.99999999999994,355.36073221446395,2,1,1,1,0,"[[1, 0]]","[-502.49999999999994, 7.499999999999951]",region_count_or_matching_mismatch,null,null,null,null
physical_gap,16000,1,190.0,cells,fixed diagnostic LOW=.1 HIGH=.5,170.00000000000003,154.99999999999997,0.1,0.5,"[[0.0875, 0.8975]]",null,null,255.0,351.8535794989871,2,1,1,1,0,"[[0, 0]]","[-12.562500000000004, 497.4375]",region_count_or_matching_mismatch,null,null,null,null
physical_gap,16000,40,190.0,cells,fixed diagnostic LOW=.1 HIGH=.5,160.00000000000003,144.99999999999997,0.1,0.5,"[[0.0875, 0.9075]]",null,null,259.99999999999994,357.24641355792494,2,1,1,1,0,"[[0, 0]]","[-15.0, 504.9999999999999]",region_count_or_matching_mismatch,null,null,null,null
physical_gap,16000,80,190.0,cells,fixed diagnostic LOW=.1 HIGH=.5,170.00000000000003,154.99999999999997,0.1,0.5,"[[0.0975, 0.9075]]",null,null,254.99999999999997,355.36073221446395,2,1,1,1,0,"[[0, 0]]","[-7.499999999999993, 502.49999999999994]",region_count_or_matching_mismatch,null,null,null,null
physical_gap,16000,120,190.0,cells,fixed diagnostic LOW=.1 HIGH=.5,170.00000000000003,154.99999999999997,0.1,0.5,"[[0.0975, 0.9075]]",null,null,255.0,353.62409420173844,2,1,1,1,0,"[[0, 0]]","[-9.999999999999995, 500.0]",region_count_or_matching_mismatch,null,null,null,null
physical_gap,16000,159,190.0,cells,fixed diagnostic LOW=.1 HIGH=.5,170.00000000000003,154.99999999999997,0.1,0.5,"[[0.0975, 0.9075]]",null,null,254.99999999999997,351.93971984737664,2,1,1,1,0,"[[0, 0]]","[-12.43749999999999, 497.56249999999994]",region_count_or_matching_mismatch,null,null,null,null
physical_gap,16000,0,200.0,cells,fixed diagnostic LOW=.1 HIGH=.5,180.00000000000006,164.99999999999997,0.1,0.5,"[[0.0875, 0.9075]]",null,null,260.0,362.43102792117566,2,1,1,1,0,"[[1, 0]]","[-512.5, 7.499999999999951]",region_count_or_matching_mismatch,null,null,null,null
physical_gap,16000,1,200.0,cells,fixed diagnostic LOW=.1 HIGH=.5,180.00000000000006,164.99999999999997,0.1,0.5,"[[0.0875, 0.9075]]",null,null,260.0,358.92243786959045,2,1,1,1,0,"[[0, 0]]","[-12.562500000000004, 507.4375]",region_count_or_matching_mismatch,null,null,null,null
physical_gap,16000,40,200.0,cells,fixed diagnostic LOW=.1 HIGH=.5,170.00000000000003,154.99999999999997,0.1,0.5,"[[0.0875, 0.9175]]",null,null,264.99999999999994,364.31442463893734,2,1,1,1,0,"[[0, 0]]","[-15.0, 514.9999999999999]",region_count_or_matching_mismatch,null,null,null,null
physical_gap,16000,80,200.0,cells,fixed diagnostic LOW=.1 HIGH=.5,180.00000000000006,164.99999999999997,0.1,0.5,"[[0.0975, 0.9175]]",null,null,260.0,362.43102792117566,2,1,1,1,0,"[[0, 0]]","[-7.499999999999993, 512.5]",region_count_or_matching_mismatch,null,null,null,null
physical_gap,16000,120,200.0,cells,fixed diagnostic LOW=.1 HIGH=.5,180.00000000000006,164.99999999999997,0.1,0.5,"[[0.0975, 0.9175]]",null,null,260.0,360.69377593742865,2,1,1,1,0,"[[0, 0]]","[-9.999999999999995, 510.0]",region_count_or_matching_mismatch,null,null,null,null
physical_gap,16000,159,200.0,cells,fixed diagnostic LOW=.1 HIGH=.5,180.00000000000006,164.99999999999997,0.1,0.5,"[[0.0975, 0.9175]]",null,null,259.99999999999994,359.0086230249212,2,1,1,1,0,"[[0, 0]]","[-12.43749999999999, 507.56249999999994]",region_count_or_matching_mismatch,null,null,null,null
physical_gap,16000,0,210.0,cells,fixed diagnostic LOW=.1 HIGH=.5,190.00000000000006,175.0,0.1,0.5,"[[0.0875, 0.9175]]",null,null,265.0,369.50135317749516,2,1,1,1,0,"[[1, 0]]","[-522.5, 7.499999999999951]",region_count_or_matching_mismatch,null,null,null,null
physical_gap,16000,1,210.0,cells,fixed diagnostic LOW=.1 HIGH=.5,190.00000000000006,175.0,0.1,0.5,"[[0.0875, 0.9175]]",null,null,264.99999999999994,369.5449112168235,2,1,1,1,0,"[[1, 0]]","[-522.5624999999999, 7.437499999999986]",region_count_or_matching_mismatch,null,null,null,null
physical_gap,16000,40,210.0,cells,fixed diagnostic LOW=.1 HIGH=.5,180.00000000000006,164.99999999999997,0.1,0.5,"[[0.0875, 0.9275]]",null,null,269.99999999999994,371.38255209419833,2,1,1,1,0,"[[0, 0]]","[-15.0, 524.9999999999999]",region_count_or_matching_mismatch,null,null,null,null
physical_gap,16000,80,210.0,cells,fixed diagnostic LOW=.1 HIGH=.5,190.00000000000006,175.0,0.1,0.5,"[[0.0975, 0.9275]]",null,null,265.0,369.50135317749516,2,1,1,1,0,"[[0, 0]]","[-7.499999999999993, 522.5]",region_count_or_matching_mismatch,null,null,null,null
physical_gap,16000,120,210.0,cells,fixed diagnostic LOW=.1 HIGH=.5,190.00000000000006,175.0,0.1,0.5,"[[0.0975, 0.9275]]",null,null,265.0,367.76351096866586,2,1,1,1,0,"[[0, 0]]","[-9.999999999999995, 520.0]",region_count_or_matching_mismatch,null,null,null,null
physical_gap,16000,159,210.0,cells,fixed diagnostic LOW=.1 HIGH=.5,190.00000000000006,175.0,0.1,0.5,"[[0.0975, 0.9275]]",null,null,264.99999999999994,366.0776098127963,2,1,1,1,0,"[[0, 0]]","[-12.43749999999999, 517.5624999999999]",region_count_or_matching_mismatch,null,null,null,null
physical_gap,16000,0,250.0,cells,fixed diagnostic LOW=.1 HIGH=.5,229.99999999999997,215.00000000000003,0.1,0.5,"[[0.0875, 0.4075], [0.6375, 0.9575]]",10.000000000000023,10.307764064044177,10.000000000000023,10.307764064044177,2,2,2,0,0,"[[0, 0], [1, 1]]","[-12.50000000000001, 7.499999999999951, -12.500000000000068, 7.500000000000062]",ok,null,null,null,null
physical_gap,16000,1,250.0,cells,fixed diagnostic LOW=.1 HIGH=.5,229.99999999999997,215.00000000000003,0.1,0.5,"[[0.0875, 0.4075], [0.6375, 0.9575]]",10.000000000000002,10.323100612219186,10.000000000000002,10.323100612219186,2,2,2,0,0,"[[0, 0], [1, 1]]","[-12.562500000000004, 7.437499999999986, -12.562500000000032, 7.437499999999986]",ok,null,null,null,null
physical_gap,16000,40,250.0,cells,fixed diagnostic LOW=.1 HIGH=.5,219.99999999999997,205.00000000000003,0.1,0.5,"[[0.0875, 0.4175], [0.6375, 0.9675]]",14.999999999999996,14.999999999999996,14.999999999999996,14.999999999999996,2,2,2,0,0,"[[0, 0], [1, 1]]","[-15.0, 14.999999999999957, -15.000000000000014, 15.000000000000014]",ok,null,null,null,null
physical_gap,16000,80,250.0,cells,fixed diagnostic LOW=.1 HIGH=.5,229.99999999999997,215.00000000000003,0.1,0.5,"[[0.0975, 0.4175], [0.6475, 0.9675]]",10.000000000000021,10.307764064044168,10.000000000000021,10.307764064044168,2,2,2,0,0,"[[0, 0], [1, 1]]","[-7.499999999999993, 12.499999999999956, -7.500000000000062, 12.500000000000068]",ok,null,null,null,null
physical_gap,16000,120,250.0,cells,fixed diagnostic LOW=.1 HIGH=.5,229.99999999999997,215.00000000000003,0.1,0.5,"[[0.0975, 0.4175], [0.6475, 0.9675]]",10.000000000000005,10.000000000000005,10.000000000000005,10.000000000000005,2,2,2,0,0,"[[0, 0], [1, 1]]","[-9.999999999999995, 10.000000000000009, -10.000000000000009, 10.000000000000009]",ok,null,null,null,null
physical_gap,16000,159,250.0,cells,fixed diagnostic LOW=.1 HIGH=.5,229.99999999999997,215.00000000000003,0.1,0.5,"[[0.0975, 0.4175], [0.6475, 0.9675]]",9.999999999999995,10.292784183591914,9.999999999999995,10.292784183591914,2,2,2,0,0,"[[0, 0], [1, 1]]","[-12.43749999999999, 7.562499999999972, -12.43749999999999, 7.5625000000000275]",ok,null,null,null,null
physical_gap,44100,0,190.0,cells,fixed diagnostic LOW=.1 HIGH=.5,169.99999999999997,155.0113378684807,0.1,0.5,"[[0.08749433106575963, 0.8974943310657596]]",null,null,254.99999999999994,355.36468051086024,2,1,1,1,0,"[[1, 0]]","[-502.5056689342403, 7.494331065759585]",region_count_or_matching_mismatch,null,null,null,null
physical_gap,44100,1,190.0,cells,fixed diagnostic LOW=.1 HIGH=.5,169.99999999999997,155.0113378684807,0.1,0.5,"[[0.08749433106575963, 0.8974943310657596]]",null,null,254.99999999999994,355.3804741620806,2,1,1,1,0,"[[1, 0]]","[-502.52834467120175, 7.471655328798121]",region_count_or_matching_mismatch,null,null,null,null
physical_gap,44100,110,190.0,cells,fixed diagnostic LOW=.1 HIGH=.5,180.0,165.01133786848072,0.1,0.5,"[[0.09749433106575964, 0.8974943310657596]]",null,null,249.99999999999997,350.0357124637427,2,1,1,1,0,"[[0, 0]]","[-5.000000000000004, 494.99999999999994]",region_count_or_matching_mismatch,null,null,null,null
physical_gap,44100,220,190.0,cells,fixed diagnostic LOW=.1 HIGH=.5,170.00000000000003,155.0113378684807,0.1,0.5,"[[0.09749433106575964, 0.9074943310657596]]",null,null,254.99999999999994,351.89274019085735,2,1,1,1,0,"[[1, 0]]","[-497.4943310657596, 12.505668934240322]",region_count_or_matching_mismatch,null,null,null,null
physical_gap,44100,330,190.0,cells,fixed diagnostic LOW=.1 HIGH=.5,170.00000000000003,155.0113378684807,0.1,0.5,"[[0.09749433106575964, 0.9074943310657596]]",null,null,255.0,353.6319494673845,2,1,1,1,0,"[[0, 0]]","[-9.988662131519277, 500.0113378684807]",region_count_or_matching_mismatch,null,null,null,null
physical_gap,44100,440,190.0,cells,fixed diagnostic LOW=.1 HIGH=.5,170.00000000000003,155.0113378684807,0.1,0.5,"[[0.09749433106575964, 0.9074943310657596]]",null,null,254.99999999999994,355.34888760468124,2,1,1,1,0,"[[1, 0]]","[-502.48299319727886, 7.517006802721049]",region_count_or_matching_mismatch,null,null,null,null
physical_gap,44100,0,200.0,cells,fixed diagnostic LOW=.1 HIGH=.5,180.0,165.01133786848072,0.1,0.5,"[[0.08749433106575963, 0.9074943310657596]]",null,null,260.0,362.4349774013653,2,1,1,1,0,"[[1, 0]]","[-512.5056689342404, 7.494331065759585]",region_count_or_matching_mismatch,null,null,null,null
physical_gap,44100,1,200.0,cells,fixed diagnostic LOW=.1 HIGH=.5,180.0,165.01133786848072,0.1,0.5,"[[0.08749433106575963, 0.9074943310657596]]",null,null,260.0,358.94598506067103,2,1,1,1,0,"[[0, 0]]","[-12.528344671201827, 507.47165532879814]",region_count_or_matching_mismatch,null,null,null,null
physical_gap,44100,110,200.0,cells,fixed diagnostic LOW=.1 HIGH=.5,190.0,175.01133786848072,0.1,0.5,"[[0.09749433106575964, 0.9074943310657596]]",null,null,254.99999999999994,357.10642671338184,2,1,1,1,0,"[[0, 0]]","[-5.000000000000004, 504.9999999999999]",region_count_or_matching_mismatch,null,null,null,null
physical_gap,44100,220,200.0,cells,fixed diagnostic LOW=.1 HIGH=.5,180.00000000000006,165.01133786848072,0.1,0.5,"[[0.09749433106575964, 0.9174943310657596]]",null,null,259.99999999999994,358.9616189924597,2,1,1,1,0,"[[1, 0]]","[-507.4943310657596, 12.505668934240322]",region_count_or_matching_mismatch,null,null,null,null
physical_gap,44100,330,200.0,cells,fixed diagnostic LOW=.1 HIGH=.5,180.00000000000006,165.01133786848072,0.1,0.5,"[[0.09749433106575964, 0.9174943310657596]]",null,null,260.0,360.70163440548424,2,1,1,1,0,"[[0, 0]]","[-9.988662131519277, 510.0113378684807]",region_count_or_matching_mismatch,null,null,null,null
physical_gap,44100,440,200.0,cells,fixed diagnostic LOW=.1 HIGH=.5,180.00000000000006,165.01133786848072,0.1,0.5,"[[0.09749433106575964, 0.9174943310657596]]",null,null,259.99999999999994,362.41917975440697,2,1,1,1,0,"[[1, 0]]","[-512.4829931972788, 7.517006802721049]",region_count_or_matching_mismatch,null,null,null,null
physical_gap,44100,0,210.0,cells,fixed diagnostic LOW=.1 HIGH=.5,190.0,175.01133786848072,0.1,0.5,"[[0.08749433106575963, 0.9174943310657596]]",null,null,265.0,369.50530379585973,2,1,1,1,0,"[[1, 0]]","[-522.5056689342404, 7.494331065759585]",region_count_or_matching_mismatch,null,null,null,null
physical_gap,44100,1,210.0,cells,fixed diagnostic LOW=.1 HIGH=.5,190.0,175.01133786848072,0.1,0.5,"[[0.08749433106575963, 0.9174943310657596]]",null,null,264.99999999999994,366.01494060278935,2,1,1,1,0,"[[0, 0]]","[-12.528344671201827, 517.4716553287981]",region_count_or_matching_mismatch,null,null,null,null
physical_gap,44100,110,210.0,cells,fixed diagnostic LOW=.1 HIGH=.5,200.0,185.01133786848072,0.1,0.5,"[[0.09749433106575964, 0.4074943310657596], [0.6074943310657597, 0.9174943310657596]]",4.99999999999999,4.99999999999999,4.99999999999999,4.99999999999999,2,2,2,0,0,"[[0, 0], [1, 1]]","[-5.000000000000004, 4.9999999999999485, -5.000000000000004, 5.000000000000004]",ok,null,null,null,null
physical_gap,44100,220,210.0,cells,fixed diagnostic LOW=.1 HIGH=.5,190.00000000000006,175.01133786848072,0.1,0.5,"[[0.09749433106575964, 0.9274943310657596]]",null,null,265.0,366.03058235664605,2,1,1,1,0,"[[1, 0]]","[-517.4943310657596, 12.505668934240322]",region_count_or_matching_mismatch,null,null,null,null
physical_gap,44100,330,210.0,cells,fixed diagnostic LOW=.1 HIGH=.5,190.00000000000006,175.01133786848072,0.1,0.5,"[[0.09749433106575964, 0.9274943310657596]]",null,null,265.0,367.7713725148716,2,1,1,1,0,"[[0, 0]]","[-9.988662131519277, 520.0113378684807]",region_count_or_matching_mismatch,null,null,null,null
physical_gap,44100,440,210.0,cells,fixed diagnostic LOW=.1 HIGH=.5,190.00000000000006,175.01133786848072,0.1,0.5,"[[0.09749433106575964, 0.9274943310657596]]",null,null,265.0,369.4895015908165,2,1,1,1,0,"[[1, 0]]","[-522.4829931972789, 7.517006802721049]",region_count_or_matching_mismatch,null,null,null,null
physical_gap,44100,0,250.0,cells,fixed diagnostic LOW=.1 HIGH=.5,229.99999999999991,215.01133786848075,0.1,0.5,"[[0.08749433106575963, 0.4074943310657596], [0.6374943310657596, 0.9574943310657597]]",10.000000000000023,10.309140449524286,10.000000000000023,10.309140449524286,2,2,2,0,0,"[[0, 0], [1, 1]]","[-12.505668934240378, 7.494331065759585, -12.505668934240433, 7.494331065759696]",ok,null,null,null,null
physical_gap,44100,1,250.0,cells,fixed diagnostic LOW=.1 HIGH=.5,229.99999999999991,215.01133786848075,0.1,0.5,"[[0.08749433106575963, 0.4074943310657596], [0.6374943310657596, 0.9574943310657597]]",10.000000000000034,10.314675311244429,10.000000000000034,10.314675311244429,2,2,2,0,0,"[[0, 0], [1, 1]]","[-12.528344671201827, 7.471655328798176, -12.528344671201896, 7.471655328798232]",ok,null,null,null,null
physical_gap,44100,110,250.0,cells,fixed diagnostic LOW=.1 HIGH=.5,239.99999999999994,225.01133786848075,0.1,0.5,"[[0.09749433106575964, 0.4074943310657596], [0.6474943310657596, 0.9574943310657597]]",4.99999999999999,4.99999999999999,4.99999999999999,4.99999999999999,2,2,2,0,0,"[[0, 0], [1, 1]]","[-5.000000000000004, 4.9999999999999485, -5.000000000000004, 5.000000000000004]",ok,null,null,null,null
physical_gap,44100,220,250.0,cells,fixed diagnostic LOW=.1 HIGH=.5,229.99999999999997,215.01133786848075,0.1,0.5,"[[0.09749433106575964, 0.4174943310657596], [0.6474943310657596, 0.9674943310657597]]",10.000000000000023,10.309140449524278,10.000000000000023,10.309140449524278,2,2,2,0,0,"[[0, 0], [1, 1]]","[-7.49433106575964, 12.505668934240322, -7.494331065759696, 12.505668934240433]",ok,null,null,null,null
physical_gap,44100,330,250.0,cells,fixed diagnostic LOW=.1 HIGH=.5,229.99999999999997,215.01133786848075,0.1,0.5,"[[0.09749433106575964, 0.4174943310657596], [0.6474943310657596, 0.9674943310657597]]",9.999999999999996,10.000006427361013,9.999999999999996,10.000006427361013,2,2,2,0,0,"[[0, 0], [1, 1]]","[-9.988662131519277, 10.011337868480686, -9.988662131519277, 10.01133786848074]",ok,null,null,null,null
physical_gap,44100,440,250.0,cells,fixed diagnostic LOW=.1 HIGH=.5,229.99999999999997,215.01133786848075,0.1,0.5,"[[0.09749433106575964, 0.4174943310657596], [0.6474943310657596, 0.9674943310657597]]",10.000000000000023,10.303652518293395,10.000000000000023,10.303652518293395,2,2,2,0,0,"[[0, 0], [1, 1]]","[-12.482993197278914, 7.517006802721049, -12.482993197278969, 7.51700680272116]",ok,null,null,null,null
