fold,file,algorithm,trial_id,baseline_trial_id,baseline_status,status,baseline_mae_ms,mae_ms,delta_mae_ms,baseline_rmse_ms,rmse_ms,delta_rmse_ms,validity_transition,count_regression,metric_regression,rmse_regression
1,phone_F1,tt1,core_cells_0,core_support_0,region_count_or_matching_mismatch,region_count_or_matching_mismatch,null,null,null,null,null,null,undefined->undefined,False,False,False
1,phone_F1,tt2,core_cells_0,core_support_0,region_count_or_matching_mismatch,region_count_or_matching_mismatch,null,null,null,null,null,null,undefined->undefined,False,False,False
1,phone_F1,tt3,core_cells_0,core_support_0,ok,ok,2.4999999999999467,10.000000000000064,7.500000000000117,3.5355339059326623,10.30776406404424,6.7722301581115785,valid->valid,False,True,True
1,phone_F1,tt1,core_support_100,core_support_0,region_count_or_matching_mismatch,ok,null,57.50000000000011,null,null,81.31727983645311,null,undefined->valid,False,False,False
1,phone_F1,tt2,core_support_100,core_support_0,region_count_or_matching_mismatch,region_count_or_matching_mismatch,null,null,null,null,null,null,undefined->undefined,False,False,False
1,phone_F1,tt3,core_support_100,core_support_0,ok,ok,2.4999999999999467,2.4999999999999467,0.0,3.5355339059326623,3.5355339059326623,0.0,valid->valid,False,False,False
1,phone_F1,tt1,enhanced_cells_100,enhanced_support_100,ok,ok,57.50000000000011,57.49999999999994,-1.6342482922482304e-13,81.31727983645311,76.19875327064081,-5.118526565812303,valid->valid,False,False,False
1,phone_F1,tt2,enhanced_cells_100,enhanced_support_100,ok,ok,2.4999999999999467,10.000000000000064,7.500000000000117,3.5355339059326623,10.30776406404424,6.7722301581115785,valid->valid,False,True,True
1,phone_F1,tt3,enhanced_cells_100,enhanced_support_100,ok,ok,2.4999999999999467,10.000000000000064,7.500000000000117,3.5355339059326623,10.30776406404424,6.7722301581115785,valid->valid,False,True,True
1,phone_F1,tt1,enhanced_support_0,enhanced_support_100,ok,ok,57.50000000000011,57.50000000000011,0.0,81.31727983645311,81.31727983645311,0.0,valid->valid,False,False,False
1,phone_F1,tt2,enhanced_support_0,enhanced_support_100,ok,ok,2.4999999999999467,2.4999999999999467,0.0,3.5355339059326623,3.5355339059326623,0.0,valid->valid,False,False,False
1,phone_F1,tt3,enhanced_support_0,enhanced_support_100,ok,ok,2.4999999999999467,2.4999999999999467,0.0,3.5355339059326623,3.5355339059326623,0.0,valid->valid,False,False,False
1,phone_F1,tt1,enhanced_tt1_t1_support_100,enhanced_support_100,ok,ok,57.50000000000011,57.50000000000011,0.0,81.31727983645311,81.31727983645311,0.0,valid->valid,False,False,False
2,phone_M1,tt1,core_cells_0,core_support_0,ok,ok,462.4999999999998,455.0000000000001,-7.499999999999659,490.21678877818914,483.1472342878515,-7.069554490337623,valid->valid,False,False,False
2,phone_M1,tt2,core_cells_0,core_support_0,ok,ok,7.500000000000062,7.499999999999924,-1.3855583347321954e-13,10.6066017177983,7.499999999999924,-3.1066017177983767,valid->valid,False,False,False
2,phone_M1,tt3,core_cells_0,core_support_0,ok,ok,37.49999999999998,29.99999999999983,-7.500000000000149,46.50268809434564,40.697051490249024,-5.80563660409662,valid->valid,False,False,False
2,phone_M1,tt1,core_support_100,core_support_0,ok,ok,462.4999999999998,462.4999999999998,0.0,490.21678877818914,490.21678877818914,0.0,valid->valid,False,False,False
2,phone_M1,tt2,core_support_100,core_support_0,ok,ok,7.500000000000062,7.500000000000062,0.0,10.6066017177983,10.6066017177983,0.0,valid->valid,False,False,False
2,phone_M1,tt3,core_support_100,core_support_0,ok,ok,37.49999999999998,37.49999999999998,0.0,46.50268809434564,46.50268809434564,0.0,valid->valid,False,False,False
2,phone_M1,tt1,enhanced_cells_100,enhanced_support_100,ok,ok,122.49999999999994,115.00000000000001,-7.499999999999929,166.32047378479888,160.8765054319617,-5.4439683528371745,valid->valid,False,False,False
2,phone_M1,tt2,enhanced_cells_100,enhanced_support_100,ok,ok,42.50000000000009,34.99999999999994,-7.500000000000149,53.502336397581864,47.762432936356916,-5.739903461224948,valid->valid,False,False,False
2,phone_M1,tt3,enhanced_cells_100,enhanced_support_100,ok,ok,37.49999999999998,29.99999999999983,-7.500000000000149,46.50268809434564,40.697051490249024,-5.80563660409662,valid->valid,False,False,False
2,phone_M1,tt1,enhanced_support_0,enhanced_support_100,ok,ok,122.49999999999994,122.49999999999994,0.0,166.32047378479888,166.32047378479888,0.0,valid->valid,False,False,False
2,phone_M1,tt2,enhanced_support_0,enhanced_support_100,ok,ok,42.50000000000009,42.50000000000009,0.0,53.502336397581864,53.502336397581864,0.0,valid->valid,False,False,False
2,phone_M1,tt3,enhanced_support_0,enhanced_support_100,ok,ok,37.49999999999998,37.49999999999998,0.0,46.50268809434564,46.50268809434564,0.0,valid->valid,False,False,False
2,phone_M1,tt1,enhanced_tt1_t1_support_100,enhanced_support_100,ok,ok,122.49999999999994,327.4999999999998,204.99999999999983,166.32047378479888,442.4505622100617,276.13008842526284,valid->valid,False,True,True
3,studio_F1,tt1,core_cells_0,core_support_0,ok,ok,17.494331065759596,10.000000000000009,-7.494331065759587,17.67286044324514,10.309140449524282,-7.363719993720856,valid->valid,False,False,False
3,studio_F1,tt2,core_cells_0,core_support_0,ok,ok,7.505668934240428,7.505668934240206,-2.220446049250313e-13,7.909282749784279,9.01859557527758,1.1093128254933005,valid->valid,False,False,True
3,studio_F1,tt3,core_cells_0,core_support_0,ok,ok,17.494331065759596,10.000000000000009,-7.494331065759587,17.67286044324514,10.309140449524282,-7.363719993720856,valid->valid,False,False,False
3,studio_F1,tt1,core_support_100,core_support_0,ok,ok,17.494331065759596,17.494331065759596,0.0,17.67286044324514,17.67286044324514,0.0,valid->valid,False,False,False
3,studio_F1,tt2,core_support_100,core_support_0,ok,ok,7.505668934240428,7.505668934240428,0.0,7.909282749784279,7.909282749784279,0.0,valid->valid,False,False,False
3,studio_F1,tt3,core_support_100,core_support_0,ok,ok,17.494331065759596,17.494331065759596,0.0,17.67286044324514,17.67286044324514,0.0,valid->valid,False,False,False
3,studio_F1,tt1,enhanced_cells_100,enhanced_support_100,ok,ok,17.494331065759596,10.000000000000009,-7.494331065759587,17.67286044324514,10.309140449524282,-7.363719993720856,valid->valid,False,False,False
3,studio_F1,tt2,enhanced_cells_100,enhanced_support_100,ok,ok,17.494331065759596,10.000000000000009,-7.494331065759587,17.67286044324514,10.309140449524282,-7.363719993720856,valid->valid,False,False,False
3,studio_F1,tt3,enhanced_cells_100,enhanced_support_100,ok,ok,17.494331065759596,10.000000000000009,-7.494331065759587,17.67286044324514,10.309140449524282,-7.363719993720856,valid->valid,False,False,False
3,studio_F1,tt1,enhanced_support_0,enhanced_support_100,ok,ok,17.494331065759596,17.494331065759596,0.0,17.67286044324514,17.67286044324514,0.0,valid->valid,False,False,False
3,studio_F1,tt2,enhanced_support_0,enhanced_support_100,ok,ok,17.494331065759596,17.494331065759596,0.0,17.67286044324514,17.67286044324514,0.0,valid->valid,False,False,False
3,studio_F1,tt3,enhanced_support_0,enhanced_support_100,ok,ok,17.494331065759596,17.494331065759596,0.0,17.67286044324514,17.67286044324514,0.0,valid->valid,False,False,False
3,studio_F1,tt1,enhanced_tt1_t1_support_100,enhanced_support_100,ok,ok,17.494331065759596,17.494331065759596,0.0,17.67286044324514,17.67286044324514,0.0,valid->valid,False,False,False
4,studio_M1,tt1,core_cells_0,core_support_0,ok,ok,2.4943310657596918,4.9999999999999485,2.5056689342402567,3.5275168222458926,5.587637019851383,2.06012019760549,valid->valid,False,True,True
4,studio_M1,tt2,core_cells_0,core_support_0,ok,ok,27.505668934240333,35.00000000000014,7.494331065759809,30.21043085261847,37.16326558284151,6.952834730223042,valid->valid,False,True,True
4,studio_M1,tt3,core_cells_0,core_support_0,ok,ok,22.50566893424044,30.00000000000003,7.494331065759589,28.505381134375952,34.7282539071345,6.222872772758549,valid->valid,False,True,True
4,studio_M1,tt1,core_support_100,core_support_0,ok,ok,2.4943310657596918,2.4943310657596918,0.0,3.5275168222458926,3.5275168222458926,0.0,valid->valid,False,False,False
4,studio_M1,tt2,core_support_100,core_support_0,ok,ok,27.505668934240333,27.505668934240333,0.0,30.21043085261847,30.21043085261847,0.0,valid->valid,False,False,False
4,studio_M1,tt3,core_support_100,core_support_0,ok,ok,22.50566893424044,22.50566893424044,0.0,28.505381134375952,28.505381134375952,0.0,valid->valid,False,False,False
4,studio_M1,tt1,enhanced_cells_100,enhanced_support_100,ok,ok,22.49433106575971,24.999999999999915,2.505668934240205,28.503392340758833,33.63026806458726,5.12687572382843,valid->valid,False,True,True
4,studio_M1,tt2,enhanced_cells_100,enhanced_support_100,ok,ok,22.49433106575971,24.999999999999915,2.505668934240205,28.503392340758833,33.63026806458726,5.12687572382843,valid->valid,False,True,True
4,studio_M1,tt3,enhanced_cells_100,enhanced_support_100,ok,ok,22.50566893424044,30.00000000000003,7.494331065759589,28.505381134375952,34.7282539071345,6.222872772758549,valid->valid,False,True,True
4,studio_M1,tt1,enhanced_support_0,enhanced_support_100,ok,ok,22.49433106575971,22.49433106575971,0.0,28.503392340758833,28.503392340758833,0.0,valid->valid,False,False,False
4,studio_M1,tt2,enhanced_support_0,enhanced_support_100,ok,ok,22.49433106575971,22.49433106575971,0.0,28.503392340758833,28.503392340758833,0.0,valid->valid,False,False,False
4,studio_M1,tt3,enhanced_support_0,enhanced_support_100,ok,ok,22.50566893424044,22.50566893424044,0.0,28.505381134375952,28.505381134375952,0.0,valid->valid,False,False,False
4,studio_M1,tt1,enhanced_tt1_t1_support_100,enhanced_support_100,ok,ok,22.49433106575971,22.49433106575971,0.0,28.503392340758833,28.503392340758833,0.0,valid->valid,False,False,False
