algorithm,arm,files,valid_count,invalid_count,mean_mae_ms,mean_file_rmse_ms,valid_rows_mean_mae_ms,valid_rows_mean_file_rmse_ms,max_valid_mae_ms,missing_region_count,extra_region_count
tt1,hysteresis0,4,4,0,43.747165532879855,57.56688914398236,43.747165532879855,57.56688914398236,77.50000000000001,0,0
tt1,hysteresis100,4,4,0,43.747165532879855,57.56688914398236,43.747165532879855,57.56688914398236,77.50000000000001,0,0
tt1,raw0,4,4,0,139.99716553287976,186.20522774179065,139.99716553287976,186.20522774179065,297.49999999999983,0,0
tt1,raw100,4,4,0,139.99716553287976,186.20522774179065,139.99716553287976,186.20522774179065,297.49999999999983,0,0
tt2,hysteresis0,4,4,0,13.747165532879801,16.847364054900066,13.747165532879801,16.847364054900066,22.49433106575971,0,0
tt2,hysteresis100,4,4,0,13.747165532879801,16.847364054900066,13.747165532879801,16.847364054900066,22.49433106575971,0,0
tt2,raw0,4,3,1,null,null,12.50377928949357,13.885082502778468,27.505668934240333,0,1
tt2,raw100,4,3,1,null,null,12.50377928949357,13.885082502778468,27.505668934240333,0,1
tt3,hysteresis0,4,4,0,12.497165532879828,15.079597101933734,12.497165532879828,15.079597101933734,22.49433106575971,0,0
tt3,hysteresis100,4,4,0,12.497165532879828,15.079597101933734,12.497165532879828,15.079597101933734,22.49433106575971,0,0
tt3,raw0,4,4,0,12.497165532879828,15.079597101933734,12.497165532879828,15.079597101933734,22.49433106575971,0,0
tt3,raw100,4,4,0,12.497165532879828,15.079597101933734,12.497165532879828,15.079597101933734,22.49433106575971,0,0
