file,split,algorithm,arm,W,native_threshold,native_threshold_units,base_normalized_threshold,low_ste_threshold,high_ste_threshold,seed_count,high_seed_count,last_raw_support_end_s,last_low_support_end_s,last_high_seed_support_end_s,raw_regions,low_regions,pre_filter_regions,removed_regions,final_regions,ground_truth_regions,minimum_speech_ms,minimum_silence_ms,mae_ms,rmse_ms,matched_boundary_mae_ms,matched_boundary_rmse_ms,ground_truth_region_count,predicted_region_count,matched_region_count,missing_region_count,extra_region_count,region_pairs,signed_endpoint_errors_ms,status,start_error_ms,end_error_ms,start_abs_error_ms,end_abs_error_ms,frame_tp,frame_tn,frame_fp,frame_fn,frame_ignored,frame_evaluated,frame_accuracy,frame_precision,frame_recall,frame_f1
phone_F1,train,tt1,raw0,null,0.0010293375196035162,normalized_ste,0.0010293375196035162,0.0012140144555334857,0.0025149672448754727,212,174,3.235,3.235,2.745,"[[0.53, 1.365], [1.38, 1.705], [1.76, 1.805], [1.82, 2.215], [2.26, 2.365], [2.39, 2.535], [2.56, 2.605], [2.61, 2.755], [2.81, 2.875], [3.07, 3.235]]","[[0.53, 1.365], [1.39, 1.705], [1.77, 1.795], [1.82, 2.215], [2.26, 2.365], [2.39, 2.535], [2.56, 2.605], [2.62, 2.755], [2.82, 2.865], [3.14, 3.235]]","[[0.53, 3.235]]",[],"[[0.53, 3.235]]","[[0.53, 2.75]]",0.0,200.0,242.49999999999994,342.9467888754755,242.49999999999994,342.9467888754755,1,1,1,0,0,"[[0, 0]]","[0.0, 484.9999999999999]",ok,0.0,484.9999999999999,0.0,484.9999999999999,221,52,48,1,0,322,0.8478260869565217,0.8215613382899628,0.9954954954954955,0.90020366598778
phone_F1,train,tt1,raw100,null,0.0010293375196035162,normalized_ste,0.0010293375196035162,0.0012140144555334857,0.0025149672448754727,212,174,3.235,3.235,2.745,"[[0.53, 1.365], [1.38, 1.705], [1.76, 1.805], [1.82, 2.215], [2.26, 2.365], [2.39, 2.535], [2.56, 2.605], [2.61, 2.755], [2.81, 2.875], [3.07, 3.235]]","[[0.53, 1.365], [1.39, 1.705], [1.77, 1.795], [1.82, 2.215], [2.26, 2.365], [2.39, 2.535], [2.56, 2.605], [2.62, 2.755], [2.82, 2.865], [3.14, 3.235]]","[[0.53, 3.235]]",[],"[[0.53, 3.235]]","[[0.53, 2.75]]",100.0,200.0,242.49999999999994,342.9467888754755,242.49999999999994,342.9467888754755,1,1,1,0,0,"[[0, 0]]","[0.0, 484.9999999999999]",ok,0.0,484.9999999999999,0.0,484.9999999999999,221,52,48,1,0,322,0.8478260869565217,0.8215613382899628,0.9954954954954955,0.90020366598778
phone_F1,train,tt1,hysteresis0,null,0.0010293375196035162,normalized_ste,0.0010293375196035162,0.0012140144555334857,0.0025149672448754727,212,174,3.235,3.235,2.745,"[[0.53, 1.365], [1.38, 1.705], [1.76, 1.805], [1.82, 2.215], [2.26, 2.365], [2.39, 2.535], [2.56, 2.605], [2.61, 2.755], [2.81, 2.875], [3.07, 3.235]]","[[0.53, 1.365], [1.39, 1.705], [1.77, 1.795], [1.82, 2.215], [2.26, 2.365], [2.39, 2.535], [2.56, 2.605], [2.62, 2.755], [2.82, 2.865], [3.14, 3.235]]","[[0.53, 2.865]]",[],"[[0.53, 2.865]]","[[0.53, 2.75]]",0.0,200.0,57.50000000000011,81.31727983645311,57.50000000000011,81.31727983645311,1,1,1,0,0,"[[0, 0]]","[0.0, 115.00000000000021]",ok,0.0,115.00000000000021,0.0,115.00000000000021,221,89,11,1,0,322,0.9627329192546584,0.9525862068965517,0.9954954954954955,0.9735682819383259
phone_F1,train,tt1,hysteresis100,null,0.0010293375196035162,normalized_ste,0.0010293375196035162,0.0012140144555334857,0.0025149672448754727,212,174,3.235,3.235,2.745,"[[0.53, 1.365], [1.38, 1.705], [1.76, 1.805], [1.82, 2.215], [2.26, 2.365], [2.39, 2.535], [2.56, 2.605], [2.61, 2.755], [2.81, 2.875], [3.07, 3.235]]","[[0.53, 1.365], [1.39, 1.705], [1.77, 1.795], [1.82, 2.215], [2.26, 2.365], [2.39, 2.535], [2.56, 2.605], [2.62, 2.755], [2.82, 2.865], [3.14, 3.235]]","[[0.53, 2.865]]",[],"[[0.53, 2.865]]","[[0.53, 2.75]]",100.0,200.0,57.50000000000011,81.31727983645311,57.50000000000011,81.31727983645311,1,1,1,0,0,"[[0, 0]]","[0.0, 115.00000000000021]",ok,0.0,115.00000000000021,0.0,115.00000000000021,221,89,11,1,0,322,0.9627329192546584,0.9525862068965517,0.9954954954954955,0.9735682819383259
phone_F1,train,tt2,raw0,20.0,0.0017156231046586373,mean_square_energy,0.013307332273144389,0.0025149672448754727,0.013307332273144389,142,142,2.745,2.745,2.745,"[[0.54, 1.145], [1.2, 1.345], [1.44, 1.635], [1.9, 2.045], [2.07, 2.205], [2.27, 2.355], [2.4, 2.525], [2.64, 2.745]]","[[0.53, 1.155], [1.16, 1.355], [1.4, 1.685], [1.82, 2.215], [2.26, 2.355], [2.39, 2.535], [2.64, 2.745]]","[[0.54, 1.635], [1.9, 2.745]]",[],"[[0.54, 1.635], [1.9, 2.745]]","[[0.53, 2.75]]",0.0,200.0,null,null,562.5,788.4557692096621,1,2,1,0,1,"[[0, 0]]","[10.000000000000009, -1115.0]",region_count_or_matching_mismatch,null,null,null,null,191,100,0,31,0,322,0.9037267080745341,1.0,0.8603603603603603,0.9249394673123487
phone_F1,train,tt2,raw100,20.0,0.0017156231046586373,mean_square_energy,0.013307332273144389,0.0025149672448754727,0.013307332273144389,142,142,2.745,2.745,2.745,"[[0.54, 1.145], [1.2, 1.345], [1.44, 1.635], [1.9, 2.045], [2.07, 2.205], [2.27, 2.355], [2.4, 2.525], [2.64, 2.745]]","[[0.53, 1.155], [1.16, 1.355], [1.4, 1.685], [1.82, 2.215], [2.26, 2.355], [2.39, 2.535], [2.64, 2.745]]","[[0.54, 1.635], [1.9, 2.745]]",[],"[[0.54, 1.635], [1.9, 2.745]]","[[0.53, 2.75]]",100.0,200.0,null,null,562.5,788.4557692096621,1,2,1,0,1,"[[0, 0]]","[10.000000000000009, -1115.0]",region_count_or_matching_mismatch,null,null,null,null,191,100,0,31,0,322,0.9037267080745341,1.0,0.8603603603603603,0.9249394673123487
phone_F1,train,tt2,hysteresis0,20.0,0.0017156231046586373,mean_square_energy,0.013307332273144389,0.0025149672448754727,0.013307332273144389,142,142,2.745,2.745,2.745,"[[0.54, 1.145], [1.2, 1.345], [1.44, 1.635], [1.9, 2.045], [2.07, 2.205], [2.27, 2.355], [2.4, 2.525], [2.64, 2.745]]","[[0.53, 1.155], [1.16, 1.355], [1.4, 1.685], [1.82, 2.215], [2.26, 2.355], [2.39, 2.535], [2.64, 2.745]]","[[0.53, 2.745]]",[],"[[0.53, 2.745]]","[[0.53, 2.75]]",0.0,200.0,2.4999999999999467,3.5355339059326623,2.4999999999999467,3.5355339059326623,1,1,1,0,0,"[[0, 0]]","[0.0, -4.999999999999893]",ok,0.0,-4.999999999999893,0.0,4.999999999999893,220,100,0,2,0,322,0.9937888198757764,1.0,0.990990990990991,0.9954751131221719
phone_F1,train,tt2,hysteresis100,20.0,0.0017156231046586373,mean_square_energy,0.013307332273144389,0.0025149672448754727,0.013307332273144389,142,142,2.745,2.745,2.745,"[[0.54, 1.145], [1.2, 1.345], [1.44, 1.635], [1.9, 2.045], [2.07, 2.205], [2.27, 2.355], [2.4, 2.525], [2.64, 2.745]]","[[0.53, 1.155], [1.16, 1.355], [1.4, 1.685], [1.82, 2.215], [2.26, 2.355], [2.39, 2.535], [2.64, 2.745]]","[[0.53, 2.745]]",[],"[[0.53, 2.745]]","[[0.53, 2.75]]",100.0,200.0,2.4999999999999467,3.5355339059326623,2.4999999999999467,3.5355339059326623,1,1,1,0,0,"[[0, 0]]","[0.0, -4.999999999999893]",ok,0.0,-4.999999999999893,0.0,4.999999999999893,220,100,0,2,0,322,0.9937888198757764,1.0,0.990990990990991,0.9954751131221719
phone_F1,train,tt3,raw0,null,0.0028777336852328582,normalized_ste,0.0028777336852328582,0.0028777336852328582,0.004316600527849287,174,169,2.745,2.745,2.745,"[[0.53, 1.155], [1.16, 1.355], [1.4, 1.685], [1.82, 2.215], [2.26, 2.355], [2.39, 2.535], [2.64, 2.745]]","[[0.53, 1.155], [1.16, 1.355], [1.4, 1.685], [1.82, 2.215], [2.26, 2.355], [2.39, 2.535], [2.64, 2.745]]","[[0.53, 2.745]]",[],"[[0.53, 2.745]]","[[0.53, 2.75]]",0.0,200.0,2.4999999999999467,3.5355339059326623,2.4999999999999467,3.5355339059326623,1,1,1,0,0,"[[0, 0]]","[0.0, -4.999999999999893]",ok,0.0,-4.999999999999893,0.0,4.999999999999893,220,100,0,2,0,322,0.9937888198757764,1.0,0.990990990990991,0.9954751131221719
phone_F1,train,tt3,raw100,null,0.0028777336852328582,normalized_ste,0.0028777336852328582,0.0028777336852328582,0.004316600527849287,174,169,2.745,2.745,2.745,"[[0.53, 1.155], [1.16, 1.355], [1.4, 1.685], [1.82, 2.215], [2.26, 2.355], [2.39, 2.535], [2.64, 2.745]]","[[0.53, 1.155], [1.16, 1.355], [1.4, 1.685], [1.82, 2.215], [2.26, 2.355], [2.39, 2.535], [2.64, 2.745]]","[[0.53, 2.745]]",[],"[[0.53, 2.745]]","[[0.53, 2.75]]",100.0,200.0,2.4999999999999467,3.5355339059326623,2.4999999999999467,3.5355339059326623,1,1,1,0,0,"[[0, 0]]","[0.0, -4.999999999999893]",ok,0.0,-4.999999999999893,0.0,4.999999999999893,220,100,0,2,0,322,0.9937888198757764,1.0,0.990990990990991,0.9954751131221719
phone_F1,train,tt3,hysteresis0,null,0.0028777336852328582,normalized_ste,0.0028777336852328582,0.0028777336852328582,0.004316600527849287,174,169,2.745,2.745,2.745,"[[0.53, 1.155], [1.16, 1.355], [1.4, 1.685], [1.82, 2.215], [2.26, 2.355], [2.39, 2.535], [2.64, 2.745]]","[[0.53, 1.155], [1.16, 1.355], [1.4, 1.685], [1.82, 2.215], [2.26, 2.355], [2.39, 2.535], [2.64, 2.745]]","[[0.53, 2.745]]",[],"[[0.53, 2.745]]","[[0.53, 2.75]]",0.0,200.0,2.4999999999999467,3.5355339059326623,2.4999999999999467,3.5355339059326623,1,1,1,0,0,"[[0, 0]]","[0.0, -4.999999999999893]",ok,0.0,-4.999999999999893,0.0,4.999999999999893,220,100,0,2,0,322,0.9937888198757764,1.0,0.990990990990991,0.9954751131221719
phone_F1,train,tt3,hysteresis100,null,0.0028777336852328582,normalized_ste,0.0028777336852328582,0.0028777336852328582,0.004316600527849287,174,169,2.745,2.745,2.745,"[[0.53, 1.155], [1.16, 1.355], [1.4, 1.685], [1.82, 2.215], [2.26, 2.355], [2.39, 2.535], [2.64, 2.745]]","[[0.53, 1.155], [1.16, 1.355], [1.4, 1.685], [1.82, 2.215], [2.26, 2.355], [2.39, 2.535], [2.64, 2.745]]","[[0.53, 2.745]]",[],"[[0.53, 2.745]]","[[0.53, 2.75]]",100.0,200.0,2.4999999999999467,3.5355339059326623,2.4999999999999467,3.5355339059326623,1,1,1,0,0,"[[0, 0]]","[0.0, -4.999999999999893]",ok,0.0,-4.999999999999893,0.0,4.999999999999893,220,100,0,2,0,322,0.9937888198757764,1.0,0.990990990990991,0.9954751131221719
phone_M1,train,tt1,raw0,null,0.0010293375196035162,normalized_ste,0.0010293375196035162,0.0012140144555334857,0.0025149672448754727,329,301,4.055,3.665,3.545,"[[0.4, 0.425], [0.45, 3.685], [3.71, 3.755], [3.79, 3.815], [4.01, 4.055]]","[[0.45, 2.815], [2.82, 3.665]]","[[0.4, 4.055]]",[],"[[0.4, 4.055]]","[[0.46, 3.52]]",0.0,200.0,297.49999999999983,380.67374482619607,297.49999999999983,380.67374482619607,1,1,1,0,0,"[[0, 0]]","[-60.0, 534.9999999999997]",ok,-60.0,534.9999999999997,60.0,534.9999999999997,306,50,58,0,0,414,0.8599033816425121,0.8406593406593407,1.0,0.9134328358208955
phone_M1,train,tt1,raw100,null,0.0010293375196035162,normalized_ste,0.0010293375196035162,0.0012140144555334857,0.0025149672448754727,329,301,4.055,3.665,3.545,"[[0.4, 0.425], [0.45, 3.685], [3.71, 3.755], [3.79, 3.815], [4.01, 4.055]]","[[0.45, 2.815], [2.82, 3.665]]","[[0.4, 4.055]]",[],"[[0.4, 4.055]]","[[0.46, 3.52]]",100.0,200.0,297.49999999999983,380.67374482619607,297.49999999999983,380.67374482619607,1,1,1,0,0,"[[0, 0]]","[-60.0, 534.9999999999997]",ok,-60.0,534.9999999999997,60.0,534.9999999999997,306,50,58,0,0,414,0.8599033816425121,0.8406593406593407,1.0,0.9134328358208955
phone_M1,train,tt1,hysteresis0,null,0.0010293375196035162,normalized_ste,0.0010293375196035162,0.0012140144555334857,0.0025149672448754727,329,301,4.055,3.665,3.545,"[[0.4, 0.425], [0.45, 3.685], [3.71, 3.755], [3.79, 3.815], [4.01, 4.055]]","[[0.45, 2.815], [2.82, 3.665]]","[[0.45, 3.665]]",[],"[[0.45, 3.665]]","[[0.46, 3.52]]",0.0,200.0,77.50000000000001,102.77402395547234,77.50000000000001,102.77402395547234,1,1,1,0,0,"[[0, 0]]","[-10.000000000000009, 145.00000000000003]",ok,-10.000000000000009,145.00000000000003,10.000000000000009,145.00000000000003,306,94,14,0,0,414,0.966183574879227,0.95625,1.0,0.9776357827476039
phone_M1,train,tt1,hysteresis100,null,0.0010293375196035162,normalized_ste,0.0010293375196035162,0.0012140144555334857,0.0025149672448754727,329,301,4.055,3.665,3.545,"[[0.4, 0.425], [0.45, 3.685], [3.71, 3.755], [3.79, 3.815], [4.01, 4.055]]","[[0.45, 2.815], [2.82, 3.665]]","[[0.45, 3.665]]",[],"[[0.45, 3.665]]","[[0.46, 3.52]]",100.0,200.0,77.50000000000001,102.77402395547234,77.50000000000001,102.77402395547234,1,1,1,0,0,"[[0, 0]]","[-10.000000000000009, 145.00000000000003]",ok,-10.000000000000009,145.00000000000003,10.000000000000009,145.00000000000003,306,94,14,0,0,414,0.966183574879227,0.95625,1.0,0.9776357827476039
phone_M1,train,tt2,raw0,20.0,0.00017828773279688904,mean_square_energy,0.012637015253843122,0.0025149672448754727,0.012637015253843122,244,244,3.525,3.545,3.525,"[[0.46, 1.365], [1.48, 1.695], [1.77, 2.085], [2.14, 2.415], [2.42, 2.755], [2.82, 2.945], [3.11, 3.305], [3.33, 3.525]]","[[0.46, 2.815], [2.82, 3.065], [3.08, 3.545]]","[[0.46, 3.525]]",[],"[[0.46, 3.525]]","[[0.46, 3.52]]",0.0,200.0,2.4999999999999467,3.5355339059326623,2.4999999999999467,3.5355339059326623,1,1,1,0,0,"[[0, 0]]","[0.0, 4.999999999999893]",ok,0.0,4.999999999999893,0.0,4.999999999999893,305,108,0,1,0,414,0.9975845410628019,1.0,0.9967320261437909,0.9983633387888707
phone_M1,train,tt2,raw100,20.0,0.00017828773279688904,mean_square_energy,0.012637015253843122,0.0025149672448754727,0.012637015253843122,244,244,3.525,3.545,3.525,"[[0.46, 1.365], [1.48, 1.695], [1.77, 2.085], [2.14, 2.415], [2.42, 2.755], [2.82, 2.945], [3.11, 3.305], [3.33, 3.525]]","[[0.46, 2.815], [2.82, 3.065], [3.08, 3.545]]","[[0.46, 3.525]]",[],"[[0.46, 3.525]]","[[0.46, 3.52]]",100.0,200.0,2.4999999999999467,3.5355339059326623,2.4999999999999467,3.5355339059326623,1,1,1,0,0,"[[0, 0]]","[0.0, 4.999999999999893]",ok,0.0,4.999999999999893,0.0,4.999999999999893,305,108,0,1,0,414,0.9975845410628019,1.0,0.9967320261437909,0.9983633387888707
phone_M1,train,tt2,hysteresis0,20.0,0.00017828773279688904,mean_square_energy,0.012637015253843122,0.0025149672448754727,0.012637015253843122,244,244,3.525,3.545,3.525,"[[0.46, 1.365], [1.48, 1.695], [1.77, 2.085], [2.14, 2.415], [2.42, 2.755], [2.82, 2.945], [3.11, 3.305], [3.33, 3.525]]","[[0.46, 2.815], [2.82, 3.065], [3.08, 3.545]]","[[0.46, 3.545]]",[],"[[0.46, 3.545]]","[[0.46, 3.52]]",0.0,200.0,12.499999999999956,17.677669529663625,12.499999999999956,17.677669529663625,1,1,1,0,0,"[[0, 0]]","[0.0, 24.99999999999991]",ok,0.0,24.99999999999991,0.0,24.99999999999991,305,106,2,1,0,414,0.9927536231884058,0.993485342019544,0.9967320261437909,0.9951060358890701
phone_M1,train,tt2,hysteresis100,20.0,0.00017828773279688904,mean_square_energy,0.012637015253843122,0.0025149672448754727,0.012637015253843122,244,244,3.525,3.545,3.525,"[[0.46, 1.365], [1.48, 1.695], [1.77, 2.085], [2.14, 2.415], [2.42, 2.755], [2.82, 2.945], [3.11, 3.305], [3.33, 3.525]]","[[0.46, 2.815], [2.82, 3.065], [3.08, 3.545]]","[[0.46, 3.545]]",[],"[[0.46, 3.545]]","[[0.46, 3.52]]",100.0,200.0,12.499999999999956,17.677669529663625,12.499999999999956,17.677669529663625,1,1,1,0,0,"[[0, 0]]","[0.0, 24.99999999999991]",ok,0.0,24.99999999999991,0.0,24.99999999999991,305,106,2,1,0,414,0.9927536231884058,0.993485342019544,0.9967320261437909,0.9951060358890701
phone_M1,train,tt3,raw0,null,0.0028777336852328582,normalized_ste,0.0028777336852328582,0.0028777336852328582,0.004316600527849287,298,285,3.535,3.535,3.535,"[[0.46, 2.815], [2.82, 3.055], [3.08, 3.535]]","[[0.46, 2.815], [2.82, 3.055], [3.08, 3.535]]","[[0.46, 3.535]]",[],"[[0.46, 3.535]]","[[0.46, 3.52]]",0.0,200.0,7.500000000000062,10.6066017177983,7.500000000000062,10.6066017177983,1,1,1,0,0,"[[0, 0]]","[0.0, 15.000000000000124]",ok,0.0,15.000000000000124,0.0,15.000000000000124,305,107,1,1,0,414,0.9951690821256038,0.9967320261437909,0.9967320261437909,0.9967320261437909
phone_M1,train,tt3,raw100,null,0.0028777336852328582,normalized_ste,0.0028777336852328582,0.0028777336852328582,0.004316600527849287,298,285,3.535,3.535,3.535,"[[0.46, 2.815], [2.82, 3.055], [3.08, 3.535]]","[[0.46, 2.815], [2.82, 3.055], [3.08, 3.535]]","[[0.46, 3.535]]",[],"[[0.46, 3.535]]","[[0.46, 3.52]]",100.0,200.0,7.500000000000062,10.6066017177983,7.500000000000062,10.6066017177983,1,1,1,0,0,"[[0, 0]]","[0.0, 15.000000000000124]",ok,0.0,15.000000000000124,0.0,15.000000000000124,305,107,1,1,0,414,0.9951690821256038,0.9967320261437909,0.9967320261437909,0.9967320261437909
phone_M1,train,tt3,hysteresis0,null,0.0028777336852328582,normalized_ste,0.0028777336852328582,0.0028777336852328582,0.004316600527849287,298,285,3.535,3.535,3.535,"[[0.46, 2.815], [2.82, 3.055], [3.08, 3.535]]","[[0.46, 2.815], [2.82, 3.055], [3.08, 3.535]]","[[0.46, 3.535]]",[],"[[0.46, 3.535]]","[[0.46, 3.52]]",0.0,200.0,7.500000000000062,10.6066017177983,7.500000000000062,10.6066017177983,1,1,1,0,0,"[[0, 0]]","[0.0, 15.000000000000124]",ok,0.0,15.000000000000124,0.0,15.000000000000124,305,107,1,1,0,414,0.9951690821256038,0.9967320261437909,0.9967320261437909,0.9967320261437909
phone_M1,train,tt3,hysteresis100,null,0.0028777336852328582,normalized_ste,0.0028777336852328582,0.0028777336852328582,0.004316600527849287,298,285,3.535,3.535,3.535,"[[0.46, 2.815], [2.82, 3.055], [3.08, 3.535]]","[[0.46, 2.815], [2.82, 3.055], [3.08, 3.535]]","[[0.46, 3.535]]",[],"[[0.46, 3.535]]","[[0.46, 3.52]]",100.0,200.0,7.500000000000062,10.6066017177983,7.500000000000062,10.6066017177983,1,1,1,0,0,"[[0, 0]]","[0.0, 15.000000000000124]",ok,0.0,15.000000000000124,0.0,15.000000000000124,305,107,1,1,0,414,0.9951690821256038,0.9967320261437909,0.9967320261437909,0.9967320261437909
studio_F1,train,tt1,raw0,null,0.0010293375196035162,normalized_ste,0.0010293375196035162,0.0012140144555334857,0.0025149672448754727,142,139,2.164988662131519,2.164988662131519,2.164988662131519,"[[0.66, 1.2249886621315194], [1.23, 1.8649886621315193], [1.89, 2.164988662131519]]","[[0.66, 1.2249886621315194], [1.23, 1.8549886621315193], [1.89, 2.164988662131519]]","[[0.66, 2.164988662131519]]",[],"[[0.66, 2.164988662131519]]","[[0.68, 2.15]]",0.0,200.0,17.494331065759596,17.67286044324514,17.494331065759596,17.67286044324514,1,1,1,0,0,"[[0, 0]]","[-20.000000000000018, 14.98866213151917]",ok,-20.000000000000018,14.98866213151917,20.000000000000018,14.98866213151917,147,135,2,0,0,284,0.9929577464788732,0.9865771812080537,1.0,0.9932432432432432
studio_F1,train,tt1,raw100,null,0.0010293375196035162,normalized_ste,0.0010293375196035162,0.0012140144555334857,0.0025149672448754727,142,139,2.164988662131519,2.164988662131519,2.164988662131519,"[[0.66, 1.2249886621315194], [1.23, 1.8649886621315193], [1.89, 2.164988662131519]]","[[0.66, 1.2249886621315194], [1.23, 1.8549886621315193], [1.89, 2.164988662131519]]","[[0.66, 2.164988662131519]]",[],"[[0.66, 2.164988662131519]]","[[0.68, 2.15]]",100.0,200.0,17.494331065759596,17.67286044324514,17.494331065759596,17.67286044324514,1,1,1,0,0,"[[0, 0]]","[-20.000000000000018, 14.98866213151917]",ok,-20.000000000000018,14.98866213151917,20.000000000000018,14.98866213151917,147,135,2,0,0,284,0.9929577464788732,0.9865771812080537,1.0,0.9932432432432432
studio_F1,train,tt1,hysteresis0,null,0.0010293375196035162,normalized_ste,0.0010293375196035162,0.0012140144555334857,0.0025149672448754727,142,139,2.164988662131519,2.164988662131519,2.164988662131519,"[[0.66, 1.2249886621315194], [1.23, 1.8649886621315193], [1.89, 2.164988662131519]]","[[0.66, 1.2249886621315194], [1.23, 1.8549886621315193], [1.89, 2.164988662131519]]","[[0.66, 2.164988662131519]]",[],"[[0.66, 2.164988662131519]]","[[0.68, 2.15]]",0.0,200.0,17.494331065759596,17.67286044324514,17.494331065759596,17.67286044324514,1,1,1,0,0,"[[0, 0]]","[-20.000000000000018, 14.98866213151917]",ok,-20.000000000000018,14.98866213151917,20.000000000000018,14.98866213151917,147,135,2,0,0,284,0.9929577464788732,0.9865771812080537,1.0,0.9932432432432432
studio_F1,train,tt1,hysteresis100,null,0.0010293375196035162,normalized_ste,0.0010293375196035162,0.0012140144555334857,0.0025149672448754727,142,139,2.164988662131519,2.164988662131519,2.164988662131519,"[[0.66, 1.2249886621315194], [1.23, 1.8649886621315193], [1.89, 2.164988662131519]]","[[0.66, 1.2249886621315194], [1.23, 1.8549886621315193], [1.89, 2.164988662131519]]","[[0.66, 2.164988662131519]]",[],"[[0.66, 2.164988662131519]]","[[0.68, 2.15]]",100.0,200.0,17.494331065759596,17.67286044324514,17.494331065759596,17.67286044324514,1,1,1,0,0,"[[0, 0]]","[-20.000000000000018, 14.98866213151917]",ok,-20.000000000000018,14.98866213151917,20.000000000000018,14.98866213151917,147,135,2,0,0,284,0.9929577464788732,0.9865771812080537,1.0,0.9932432432432432
studio_F1,train,tt2,raw0,20.0,0.00026848996726078445,mean_square_energy,0.015253875587669167,0.0025149672448754727,0.015253875587669167,127,127,2.144988662131519,2.164988662131519,2.144988662131519,"[[0.67, 1.0949886621315192], [1.1, 1.2049886621315193], [1.24, 1.6549886621315193], [1.66, 1.7749886621315192], [1.79, 1.8449886621315192], [1.9, 2.144988662131519]]","[[0.66, 1.2149886621315193], [1.23, 1.8549886621315193], [1.89, 2.164988662131519]]","[[0.67, 2.144988662131519]]",[],"[[0.67, 2.144988662131519]]","[[0.68, 2.15]]",0.0,200.0,7.505668934240428,7.909282749784279,7.505668934240428,7.909282749784279,1,1,1,0,0,"[[0, 0]]","[-10.000000000000009, -5.011337868480847]",ok,-10.000000000000009,-5.011337868480847,10.000000000000009,5.011337868480847,146,137,0,1,0,284,0.9964788732394366,1.0,0.9931972789115646,0.9965870307167235
studio_F1,train,tt2,raw100,20.0,0.00026848996726078445,mean_square_energy,0.015253875587669167,0.0025149672448754727,0.015253875587669167,127,127,2.144988662131519,2.164988662131519,2.144988662131519,"[[0.67, 1.0949886621315192], [1.1, 1.2049886621315193], [1.24, 1.6549886621315193], [1.66, 1.7749886621315192], [1.79, 1.8449886621315192], [1.9, 2.144988662131519]]","[[0.66, 1.2149886621315193], [1.23, 1.8549886621315193], [1.89, 2.164988662131519]]","[[0.67, 2.144988662131519]]",[],"[[0.67, 2.144988662131519]]","[[0.68, 2.15]]",100.0,200.0,7.505668934240428,7.909282749784279,7.505668934240428,7.909282749784279,1,1,1,0,0,"[[0, 0]]","[-10.000000000000009, -5.011337868480847]",ok,-10.000000000000009,-5.011337868480847,10.000000000000009,5.011337868480847,146,137,0,1,0,284,0.9964788732394366,1.0,0.9931972789115646,0.9965870307167235
studio_F1,train,tt2,hysteresis0,20.0,0.00026848996726078445,mean_square_energy,0.015253875587669167,0.0025149672448754727,0.015253875587669167,127,127,2.144988662131519,2.164988662131519,2.144988662131519,"[[0.67, 1.0949886621315192], [1.1, 1.2049886621315193], [1.24, 1.6549886621315193], [1.66, 1.7749886621315192], [1.79, 1.8449886621315192], [1.9, 2.144988662131519]]","[[0.66, 1.2149886621315193], [1.23, 1.8549886621315193], [1.89, 2.164988662131519]]","[[0.66, 2.164988662131519]]",[],"[[0.66, 2.164988662131519]]","[[0.68, 2.15]]",0.0,200.0,17.494331065759596,17.67286044324514,17.494331065759596,17.67286044324514,1,1,1,0,0,"[[0, 0]]","[-20.000000000000018, 14.98866213151917]",ok,-20.000000000000018,14.98866213151917,20.000000000000018,14.98866213151917,147,135,2,0,0,284,0.9929577464788732,0.9865771812080537,1.0,0.9932432432432432
studio_F1,train,tt2,hysteresis100,20.0,0.00026848996726078445,mean_square_energy,0.015253875587669167,0.0025149672448754727,0.015253875587669167,127,127,2.144988662131519,2.164988662131519,2.144988662131519,"[[0.67, 1.0949886621315192], [1.1, 1.2049886621315193], [1.24, 1.6549886621315193], [1.66, 1.7749886621315192], [1.79, 1.8449886621315192], [1.9, 2.144988662131519]]","[[0.66, 1.2149886621315193], [1.23, 1.8549886621315193], [1.89, 2.164988662131519]]","[[0.66, 2.164988662131519]]",[],"[[0.66, 2.164988662131519]]","[[0.68, 2.15]]",100.0,200.0,17.494331065759596,17.67286044324514,17.494331065759596,17.67286044324514,1,1,1,0,0,"[[0, 0]]","[-20.000000000000018, 14.98866213151917]",ok,-20.000000000000018,14.98866213151917,20.000000000000018,14.98866213151917,147,135,2,0,0,284,0.9929577464788732,0.9865771812080537,1.0,0.9932432432432432
studio_F1,train,tt3,raw0,null,0.0028777336852328582,normalized_ste,0.0028777336852328582,0.0028777336852328582,0.004316600527849287,137,136,2.164988662131519,2.164988662131519,2.1549886621315193,"[[0.66, 1.0949886621315192], [1.1, 1.2149886621315193], [1.23, 1.8549886621315193], [1.89, 2.164988662131519]]","[[0.66, 1.0949886621315192], [1.1, 1.2149886621315193], [1.23, 1.8549886621315193], [1.89, 2.164988662131519]]","[[0.66, 2.164988662131519]]",[],"[[0.66, 2.164988662131519]]","[[0.68, 2.15]]",0.0,200.0,17.494331065759596,17.67286044324514,17.494331065759596,17.67286044324514,1,1,1,0,0,"[[0, 0]]","[-20.000000000000018, 14.98866213151917]",ok,-20.000000000000018,14.98866213151917,20.000000000000018,14.98866213151917,147,135,2,0,0,284,0.9929577464788732,0.9865771812080537,1.0,0.9932432432432432
studio_F1,train,tt3,raw100,null,0.0028777336852328582,normalized_ste,0.0028777336852328582,0.0028777336852328582,0.004316600527849287,137,136,2.164988662131519,2.164988662131519,2.1549886621315193,"[[0.66, 1.0949886621315192], [1.1, 1.2149886621315193], [1.23, 1.8549886621315193], [1.89, 2.164988662131519]]","[[0.66, 1.0949886621315192], [1.1, 1.2149886621315193], [1.23, 1.8549886621315193], [1.89, 2.164988662131519]]","[[0.66, 2.164988662131519]]",[],"[[0.66, 2.164988662131519]]","[[0.68, 2.15]]",100.0,200.0,17.494331065759596,17.67286044324514,17.494331065759596,17.67286044324514,1,1,1,0,0,"[[0, 0]]","[-20.000000000000018, 14.98866213151917]",ok,-20.000000000000018,14.98866213151917,20.000000000000018,14.98866213151917,147,135,2,0,0,284,0.9929577464788732,0.9865771812080537,1.0,0.9932432432432432
studio_F1,train,tt3,hysteresis0,null,0.0028777336852328582,normalized_ste,0.0028777336852328582,0.0028777336852328582,0.004316600527849287,137,136,2.164988662131519,2.164988662131519,2.1549886621315193,"[[0.66, 1.0949886621315192], [1.1, 1.2149886621315193], [1.23, 1.8549886621315193], [1.89, 2.164988662131519]]","[[0.66, 1.0949886621315192], [1.1, 1.2149886621315193], [1.23, 1.8549886621315193], [1.89, 2.164988662131519]]","[[0.66, 2.164988662131519]]",[],"[[0.66, 2.164988662131519]]","[[0.68, 2.15]]",0.0,200.0,17.494331065759596,17.67286044324514,17.494331065759596,17.67286044324514,1,1,1,0,0,"[[0, 0]]","[-20.000000000000018, 14.98866213151917]",ok,-20.000000000000018,14.98866213151917,20.000000000000018,14.98866213151917,147,135,2,0,0,284,0.9929577464788732,0.9865771812080537,1.0,0.9932432432432432
studio_F1,train,tt3,hysteresis100,null,0.0028777336852328582,normalized_ste,0.0028777336852328582,0.0028777336852328582,0.004316600527849287,137,136,2.164988662131519,2.164988662131519,2.1549886621315193,"[[0.66, 1.0949886621315192], [1.1, 1.2149886621315193], [1.23, 1.8549886621315193], [1.89, 2.164988662131519]]","[[0.66, 1.0949886621315192], [1.1, 1.2149886621315193], [1.23, 1.8549886621315193], [1.89, 2.164988662131519]]","[[0.66, 2.164988662131519]]",[],"[[0.66, 2.164988662131519]]","[[0.68, 2.15]]",100.0,200.0,17.494331065759596,17.67286044324514,17.494331065759596,17.67286044324514,1,1,1,0,0,"[[0, 0]]","[-20.000000000000018, 14.98866213151917]",ok,-20.000000000000018,14.98866213151917,20.000000000000018,14.98866213151917,147,135,2,0,0,284,0.9929577464788732,0.9865771812080537,1.0,0.9932432432432432
studio_M1,train,tt1,raw0,null,0.0010293375196035162,normalized_ste,0.0010293375196035162,0.0012140144555334857,0.0025149672448754727,110,105,2.0649886621315194,2.0649886621315194,2.0649886621315194,"[[0.87, 0.9049886621315193], [0.91, 1.7449886621315194], [1.79, 2.0649886621315194]]","[[0.87, 0.9049886621315193], [0.91, 1.7349886621315194], [1.8, 2.0649886621315194]]","[[0.87, 2.0649886621315194]]",[],"[[0.87, 2.0649886621315194]]","[[0.87, 2.06]]",0.0,200.0,2.4943310657596918,3.5275168222458926,2.4943310657596918,3.5275168222458926,1,1,1,0,0,"[[0, 0]]","[0.0, 4.9886621315193835]",ok,0.0,4.9886621315193835,0.0,4.9886621315193835,118,152,0,1,0,271,0.996309963099631,1.0,0.9915966386554622,0.9957805907172996
studio_M1,train,tt1,raw100,null,0.0010293375196035162,normalized_ste,0.0010293375196035162,0.0012140144555334857,0.0025149672448754727,110,105,2.0649886621315194,2.0649886621315194,2.0649886621315194,"[[0.87, 0.9049886621315193], [0.91, 1.7449886621315194], [1.79, 2.0649886621315194]]","[[0.87, 0.9049886621315193], [0.91, 1.7349886621315194], [1.8, 2.0649886621315194]]","[[0.87, 2.0649886621315194]]",[],"[[0.87, 2.0649886621315194]]","[[0.87, 2.06]]",100.0,200.0,2.4943310657596918,3.5275168222458926,2.4943310657596918,3.5275168222458926,1,1,1,0,0,"[[0, 0]]","[0.0, 4.9886621315193835]",ok,0.0,4.9886621315193835,0.0,4.9886621315193835,118,152,0,1,0,271,0.996309963099631,1.0,0.9915966386554622,0.9957805907172996
studio_M1,train,tt1,hysteresis0,null,0.0010293375196035162,normalized_ste,0.0010293375196035162,0.0012140144555334857,0.0025149672448754727,110,105,2.0649886621315194,2.0649886621315194,2.0649886621315194,"[[0.87, 0.9049886621315193], [0.91, 1.7449886621315194], [1.79, 2.0649886621315194]]","[[0.87, 0.9049886621315193], [0.91, 1.7349886621315194], [1.8, 2.0649886621315194]]","[[0.91, 2.0649886621315194]]",[],"[[0.91, 2.0649886621315194]]","[[0.87, 2.06]]",0.0,200.0,22.49433106575971,28.503392340758833,22.49433106575971,28.503392340758833,1,1,1,0,0,"[[0, 0]]","[40.000000000000036, 4.9886621315193835]",ok,40.000000000000036,4.9886621315193835,40.000000000000036,4.9886621315193835,114,152,0,5,0,271,0.981549815498155,1.0,0.957983193277311,0.9785407725321889
studio_M1,train,tt1,hysteresis100,null,0.0010293375196035162,normalized_ste,0.0010293375196035162,0.0012140144555334857,0.0025149672448754727,110,105,2.0649886621315194,2.0649886621315194,2.0649886621315194,"[[0.87, 0.9049886621315193], [0.91, 1.7449886621315194], [1.79, 2.0649886621315194]]","[[0.87, 0.9049886621315193], [0.91, 1.7349886621315194], [1.8, 2.0649886621315194]]","[[0.91, 2.0649886621315194]]",[],"[[0.91, 2.0649886621315194]]","[[0.87, 2.06]]",100.0,200.0,22.49433106575971,28.503392340758833,22.49433106575971,28.503392340758833,1,1,1,0,0,"[[0, 0]]","[40.000000000000036, 4.9886621315193835]",ok,40.000000000000036,4.9886621315193835,40.000000000000036,4.9886621315193835,114,152,0,5,0,271,0.981549815498155,1.0,0.957983193277311,0.9785407725321889
studio_M1,train,tt2,raw0,20.0,0.00027139670637816725,mean_square_energy,0.012276806029288843,0.0025149672448754727,0.012276806029288843,93,93,2.0449886621315194,2.0649886621315194,2.0449886621315194,"[[0.91, 1.1849886621315193], [1.19, 1.2749886621315192], [1.31, 1.5949886621315192], [1.61, 1.7249886621315194], [1.8, 2.0449886621315194]]","[[0.91, 1.7349886621315194], [1.8, 2.0649886621315194]]","[[0.91, 2.0449886621315194]]",[],"[[0.91, 2.0449886621315194]]","[[0.87, 2.06]]",0.0,200.0,27.505668934240333,30.21043085261847,27.505668934240333,30.21043085261847,1,1,1,0,0,"[[0, 0]]","[40.000000000000036, -15.011337868480634]",ok,40.000000000000036,-15.011337868480634,40.000000000000036,15.011337868480634,112,152,0,7,0,271,0.974169741697417,1.0,0.9411764705882353,0.9696969696969697
studio_M1,train,tt2,raw100,20.0,0.00027139670637816725,mean_square_energy,0.012276806029288843,0.0025149672448754727,0.012276806029288843,93,93,2.0449886621315194,2.0649886621315194,2.0449886621315194,"[[0.91, 1.1849886621315193], [1.19, 1.2749886621315192], [1.31, 1.5949886621315192], [1.61, 1.7249886621315194], [1.8, 2.0449886621315194]]","[[0.91, 1.7349886621315194], [1.8, 2.0649886621315194]]","[[0.91, 2.0449886621315194]]",[],"[[0.91, 2.0449886621315194]]","[[0.87, 2.06]]",100.0,200.0,27.505668934240333,30.21043085261847,27.505668934240333,30.21043085261847,1,1,1,0,0,"[[0, 0]]","[40.000000000000036, -15.011337868480634]",ok,40.000000000000036,-15.011337868480634,40.000000000000036,15.011337868480634,112,152,0,7,0,271,0.974169741697417,1.0,0.9411764705882353,0.9696969696969697
studio_M1,train,tt2,hysteresis0,20.0,0.00027139670637816725,mean_square_energy,0.012276806029288843,0.0025149672448754727,0.012276806029288843,93,93,2.0449886621315194,2.0649886621315194,2.0449886621315194,"[[0.91, 1.1849886621315193], [1.19, 1.2749886621315192], [1.31, 1.5949886621315192], [1.61, 1.7249886621315194], [1.8, 2.0449886621315194]]","[[0.91, 1.7349886621315194], [1.8, 2.0649886621315194]]","[[0.91, 2.0649886621315194]]",[],"[[0.91, 2.0649886621315194]]","[[0.87, 2.06]]",0.0,200.0,22.49433106575971,28.503392340758833,22.49433106575971,28.503392340758833,1,1,1,0,0,"[[0, 0]]","[40.000000000000036, 4.9886621315193835]",ok,40.000000000000036,4.9886621315193835,40.000000000000036,4.9886621315193835,114,152,0,5,0,271,0.981549815498155,1.0,0.957983193277311,0.9785407725321889
studio_M1,train,tt2,hysteresis100,20.0,0.00027139670637816725,mean_square_energy,0.012276806029288843,0.0025149672448754727,0.012276806029288843,93,93,2.0449886621315194,2.0649886621315194,2.0449886621315194,"[[0.91, 1.1849886621315193], [1.19, 1.2749886621315192], [1.31, 1.5949886621315192], [1.61, 1.7249886621315194], [1.8, 2.0449886621315194]]","[[0.91, 1.7349886621315194], [1.8, 2.0649886621315194]]","[[0.91, 2.0649886621315194]]",[],"[[0.91, 2.0649886621315194]]","[[0.87, 2.06]]",100.0,200.0,22.49433106575971,28.503392340758833,22.49433106575971,28.503392340758833,1,1,1,0,0,"[[0, 0]]","[40.000000000000036, 4.9886621315193835]",ok,40.000000000000036,4.9886621315193835,40.000000000000036,4.9886621315193835,114,152,0,5,0,271,0.981549815498155,1.0,0.957983193277311,0.9785407725321889
studio_M1,train,tt3,raw0,null,0.0028777336852328582,normalized_ste,0.0028777336852328582,0.0028777336852328582,0.004316600527849287,104,101,2.0649886621315194,2.0649886621315194,2.054988662131519,"[[0.91, 1.2849886621315192], [1.29, 1.7349886621315194], [1.8, 2.0649886621315194]]","[[0.91, 1.2849886621315192], [1.29, 1.7349886621315194], [1.8, 2.0649886621315194]]","[[0.91, 2.0649886621315194]]",[],"[[0.91, 2.0649886621315194]]","[[0.87, 2.06]]",0.0,200.0,22.49433106575971,28.503392340758833,22.49433106575971,28.503392340758833,1,1,1,0,0,"[[0, 0]]","[40.000000000000036, 4.9886621315193835]",ok,40.000000000000036,4.9886621315193835,40.000000000000036,4.9886621315193835,114,152,0,5,0,271,0.981549815498155,1.0,0.957983193277311,0.9785407725321889
studio_M1,train,tt3,raw100,null,0.0028777336852328582,normalized_ste,0.0028777336852328582,0.0028777336852328582,0.004316600527849287,104,101,2.0649886621315194,2.0649886621315194,2.054988662131519,"[[0.91, 1.2849886621315192], [1.29, 1.7349886621315194], [1.8, 2.0649886621315194]]","[[0.91, 1.2849886621315192], [1.29, 1.7349886621315194], [1.8, 2.0649886621315194]]","[[0.91, 2.0649886621315194]]",[],"[[0.91, 2.0649886621315194]]","[[0.87, 2.06]]",100.0,200.0,22.49433106575971,28.503392340758833,22.49433106575971,28.503392340758833,1,1,1,0,0,"[[0, 0]]","[40.000000000000036, 4.9886621315193835]",ok,40.000000000000036,4.9886621315193835,40.000000000000036,4.9886621315193835,114,152,0,5,0,271,0.981549815498155,1.0,0.957983193277311,0.9785407725321889
studio_M1,train,tt3,hysteresis0,null,0.0028777336852328582,normalized_ste,0.0028777336852328582,0.0028777336852328582,0.004316600527849287,104,101,2.0649886621315194,2.0649886621315194,2.054988662131519,"[[0.91, 1.2849886621315192], [1.29, 1.7349886621315194], [1.8, 2.0649886621315194]]","[[0.91, 1.2849886621315192], [1.29, 1.7349886621315194], [1.8, 2.0649886621315194]]","[[0.91, 2.0649886621315194]]",[],"[[0.91, 2.0649886621315194]]","[[0.87, 2.06]]",0.0,200.0,22.49433106575971,28.503392340758833,22.49433106575971,28.503392340758833,1,1,1,0,0,"[[0, 0]]","[40.000000000000036, 4.9886621315193835]",ok,40.000000000000036,4.9886621315193835,40.000000000000036,4.9886621315193835,114,152,0,5,0,271,0.981549815498155,1.0,0.957983193277311,0.9785407725321889
studio_M1,train,tt3,hysteresis100,null,0.0028777336852328582,normalized_ste,0.0028777336852328582,0.0028777336852328582,0.004316600527849287,104,101,2.0649886621315194,2.0649886621315194,2.054988662131519,"[[0.91, 1.2849886621315192], [1.29, 1.7349886621315194], [1.8, 2.0649886621315194]]","[[0.91, 1.2849886621315192], [1.29, 1.7349886621315194], [1.8, 2.0649886621315194]]","[[0.91, 2.0649886621315194]]",[],"[[0.91, 2.0649886621315194]]","[[0.87, 2.06]]",100.0,200.0,22.49433106575971,28.503392340758833,22.49433106575971,28.503392340758833,1,1,1,0,0,"[[0, 0]]","[40.000000000000036, 4.9886621315193835]",ok,40.000000000000036,4.9886621315193835,40.000000000000036,4.9886621315193835,114,152,0,5,0,271,0.981549815498155,1.0,0.957983193277311,0.9785407725321889
