case,sample_rate_hz,phase_samples,true_gap_ms,support_gap_ms,frame_size,hop_size,frame_ms,hop_ms,low,high,minimum_silence_ms,minimum_speech_ms,low_regions,final_regions,ground_truth_regions,mae_ms,rmse_ms,matched_boundary_mae_ms,matched_boundary_rmse_ms,ground_truth_region_count,predicted_region_count,matched_region_count,missing_region_count,extra_region_count,region_pairs,signed_endpoint_errors_ms,status,start_error_ms,end_error_ms,start_abs_error_ms,end_abs_error_ms,metric_status
physical_gap,16000,0,190.0,154.99999999999997,400,160,25.0,10.0,0.1,0.5,200.0,100.0,"[[0.08, 0.415], [0.57, 0.905]]","[[0.08, 0.905]]","[[0.1, 0.4], [0.59, 0.89]]",null,null,262.5,357.3688570650778,2,1,1,1,0,"[[0, 0]]","[-20.000000000000004, 505.0]",expected_short_gap_merge,null,null,null,null,region_count_or_matching_mismatch
physical_gap,16000,1,190.0,154.99999999999997,400,160,25.0,10.0,0.1,0.5,200.0,100.0,"[[0.08, 0.415], [0.57, 0.905]]","[[0.08, 0.905]]","[[0.1000625, 0.4000625], [0.5900625, 0.8900625]]",null,null,262.5,357.32644935163984,2,1,1,1,0,"[[0, 0]]","[-20.062499999999996, 504.93750000000006]",expected_short_gap_merge,null,null,null,null,region_count_or_matching_mismatch
physical_gap,16000,40,190.0,144.99999999999997,400,160,25.0,10.0,0.1,0.5,200.0,100.0,"[[0.08, 0.425], [0.57, 0.915]]","[[0.08, 0.915]]","[[0.1025, 0.4025], [0.5925, 0.8925]]",null,null,267.5,362.7412989997141,2,1,1,1,0,"[[0, 0]]","[-22.499999999999993, 512.5]",expected_short_gap_merge,null,null,null,null,region_count_or_matching_mismatch
physical_gap,16000,80,190.0,154.99999999999997,400,160,25.0,10.0,0.1,0.5,200.0,100.0,"[[0.09, 0.425], [0.58, 0.915]]","[[0.09, 0.915]]","[[0.105, 0.405], [0.595, 0.895]]",null,null,262.5,360.7804041241708,2,1,1,1,0,"[[0, 0]]","[-15.0, 510.0]",expected_short_gap_merge,null,null,null,null,region_count_or_matching_mismatch
physical_gap,16000,120,190.0,154.99999999999997,400,160,25.0,10.0,0.1,0.5,200.0,100.0,"[[0.09, 0.425], [0.58, 0.915]]","[[0.09, 0.915]]","[[0.1075, 0.4075], [0.5975, 0.8975]]",null,null,262.5,359.0699792519559,2,1,1,1,0,"[[0, 0]]","[-17.5, 507.50000000000006]",expected_short_gap_merge,null,null,null,null,region_count_or_matching_mismatch
physical_gap,16000,159,190.0,154.99999999999997,400,160,25.0,10.0,0.1,0.5,200.0,100.0,"[[0.09, 0.425], [0.58, 0.915]]","[[0.09, 0.915]]","[[0.1099375, 0.4099375], [0.5999375, 0.8999375]]",null,null,262.49999999999994,357.41127067602383,2,1,1,1,0,"[[0, 0]]","[-19.937499999999996, 505.06249999999994]",expected_short_gap_merge,null,null,null,null,region_count_or_matching_mismatch
physical_gap,16000,0,200.0,164.99999999999997,400,160,25.0,10.0,0.1,0.5,200.0,100.0,"[[0.08, 0.415], [0.58, 0.915]]","[[0.08, 0.915]]","[[0.1, 0.4], [0.6, 0.9]]",null,null,267.5,364.4344934278313,2,1,1,1,0,"[[0, 0]]","[-20.000000000000004, 515.0]",known_limitation,null,null,null,null,region_count_or_matching_mismatch
physical_gap,16000,1,200.0,164.99999999999997,400,160,25.0,10.0,0.1,0.5,200.0,100.0,"[[0.08, 0.415], [0.58, 0.915]]","[[0.08, 0.915]]","[[0.1000625, 0.4000625], [0.6000625, 0.9000625]]",null,null,267.5,364.3920504158262,2,1,1,1,0,"[[0, 0]]","[-20.062499999999996, 514.9375]",known_limitation,null,null,null,null,region_count_or_matching_mismatch
physical_gap,16000,40,200.0,154.99999999999997,400,160,25.0,10.0,0.1,0.5,200.0,100.0,"[[0.08, 0.425], [0.58, 0.925]]","[[0.08, 0.925]]","[[0.1025, 0.4025], [0.6025, 0.9025]]",null,null,272.5,369.8056922222804,2,1,1,1,0,"[[0, 0]]","[-22.499999999999993, 522.5]",known_limitation,null,null,null,null,region_count_or_matching_mismatch
physical_gap,16000,80,200.0,164.99999999999997,400,160,25.0,10.0,0.1,0.5,200.0,100.0,"[[0.09, 0.425], [0.59, 0.925]]","[[0.09, 0.925]]","[[0.105, 0.405], [0.605, 0.905]]",null,null,267.5,367.84847423905404,2,1,1,1,0,"[[0, 0]]","[-15.0, 520.0]",known_limitation,null,null,null,null,region_count_or_matching_mismatch
physical_gap,16000,120,200.0,164.99999999999997,400,160,25.0,10.0,0.1,0.5,200.0,100.0,"[[0.09, 0.425], [0.59, 0.925]]","[[0.09, 0.925]]","[[0.1075, 0.4075], [0.6075, 0.9075]]",null,null,267.50000000000006,366.13692793816915,2,1,1,1,0,"[[0, 0]]","[-17.5, 517.5000000000001]",known_limitation,null,null,null,null,region_count_or_matching_mismatch
physical_gap,16000,159,200.0,164.99999999999997,400,160,25.0,10.0,0.1,0.5,200.0,100.0,"[[0.09, 0.425], [0.59, 0.925]]","[[0.09, 0.925]]","[[0.1099375, 0.4099375], [0.6099375, 0.9099375]]",null,null,267.5,364.4769422147991,2,1,1,1,0,"[[0, 0]]","[-19.937499999999996, 515.0625]",known_limitation,null,null,null,null,region_count_or_matching_mismatch
physical_gap,16000,0,210.0,175.0,400,160,25.0,10.0,0.1,0.5,200.0,100.0,"[[0.08, 0.415], [0.59, 0.925]]","[[0.08, 0.925]]","[[0.1, 0.4], [0.61, 0.91]]",null,null,272.5,371.50033647360266,2,1,1,1,0,"[[0, 0]]","[-20.000000000000004, 525.0]",known_limitation,null,null,null,null,region_count_or_matching_mismatch
physical_gap,16000,1,210.0,175.0,400,160,25.0,10.0,0.1,0.5,200.0,100.0,"[[0.08, 0.415], [0.59, 0.925]]","[[0.08, 0.925]]","[[0.1000625, 0.4000625], [0.6100625, 0.9100625]]",null,null,272.5,371.4578595295165,2,1,1,1,0,"[[0, 0]]","[-20.062499999999996, 524.9375]",known_limitation,null,null,null,null,region_count_or_matching_mismatch
physical_gap,16000,40,210.0,164.99999999999997,400,160,25.0,10.0,0.1,0.5,200.0,100.0,"[[0.08, 0.425], [0.59, 0.935]]","[[0.08, 0.935]]","[[0.1025, 0.4025], [0.6125, 0.9125]]",null,null,277.5,376.87033579203336,2,1,1,1,0,"[[0, 0]]","[-22.499999999999993, 532.5]",known_limitation,null,null,null,null,region_count_or_matching_mismatch
physical_gap,16000,80,210.0,175.0,400,160,25.0,10.0,0.1,0.5,200.0,100.0,"[[0.09, 0.425], [0.6, 0.935]]","[[0.09, 0.935]]","[[0.105, 0.405], [0.615, 0.915]]",null,null,272.5,374.9166574053492,2,1,1,1,0,"[[0, 0]]","[-15.0, 530.0]",known_limitation,null,null,null,null,region_count_or_matching_mismatch
physical_gap,16000,120,210.0,175.0,400,160,25.0,10.0,0.1,0.5,200.0,100.0,"[[0.09, 0.425], [0.6, 0.935]]","[[0.09, 0.935]]","[[0.1075, 0.4075], [0.6175, 0.9175]]",null,null,272.50000000000006,373.2040326684588,2,1,1,1,0,"[[0, 0]]","[-17.5, 527.5000000000001]",known_limitation,null,null,null,null,region_count_or_matching_mismatch
physical_gap,16000,159,210.0,175.0,400,160,25.0,10.0,0.1,0.5,200.0,100.0,"[[0.09, 0.425], [0.6, 0.935]]","[[0.09, 0.935]]","[[0.1099375, 0.4099375], [0.6199375, 0.9199375]]",null,null,272.5,371.54281907506976,2,1,1,1,0,"[[0, 0]]","[-19.937499999999996, 525.0625]",known_limitation,null,null,null,null,region_count_or_matching_mismatch
physical_gap,16000,0,250.0,215.00000000000003,400,160,25.0,10.0,0.1,0.5,200.0,100.0,"[[0.08, 0.415], [0.63, 0.965]]","[[0.08, 0.415], [0.63, 0.965]]","[[0.1, 0.4], [0.65, 0.95]]",17.499999999999996,17.67766952966369,17.499999999999996,17.67766952966369,2,2,2,0,0,"[[0, 0], [1, 1]]","[-20.000000000000004, 14.999999999999957, -20.000000000000018, 15.000000000000014]",estimated_gap_preserved,null,null,null,null,ok
physical_gap,16000,1,250.0,215.00000000000003,400,160,25.0,10.0,0.1,0.5,200.0,100.0,"[[0.08, 0.415], [0.63, 0.965]]","[[0.08, 0.415], [0.63, 0.965]]","[[0.1000625, 0.4000625], [0.6500625, 0.9500625]]",17.49999999999998,17.686616585712464,17.49999999999998,17.686616585712464,2,2,2,0,0,"[[0, 0], [1, 1]]","[-20.062499999999996, 14.937499999999993, -20.062499999999982, 14.937499999999936]",estimated_gap_preserved,null,null,null,null,ok
physical_gap,16000,40,250.0,205.00000000000003,400,160,25.0,10.0,0.1,0.5,200.0,100.0,"[[0.08, 0.425], [0.63, 0.975]]","[[0.08, 0.425], [0.63, 0.975]]","[[0.1025, 0.4025], [0.6525, 0.9525]]",22.49999999999997,22.49999999999997,22.49999999999997,22.49999999999997,2,2,2,0,0,"[[0, 0], [1, 1]]","[-22.499999999999993, 22.499999999999964, -22.499999999999964, 22.499999999999964]",estimated_gap_preserved,null,null,null,null,ok
physical_gap,16000,80,250.0,215.00000000000003,400,160,25.0,10.0,0.1,0.5,200.0,100.0,"[[0.09, 0.425], [0.64, 0.975]]","[[0.09, 0.425], [0.64, 0.975]]","[[0.105, 0.405], [0.655, 0.955]]",17.499999999999996,17.677669529663685,17.499999999999996,17.677669529663685,2,2,2,0,0,"[[0, 0], [1, 1]]","[-15.0, 19.99999999999996, -15.000000000000014, 20.000000000000018]",estimated_gap_preserved,null,null,null,null,ok
physical_gap,16000,120,250.0,215.00000000000003,400,160,25.0,10.0,0.1,0.5,200.0,100.0,"[[0.09, 0.425], [0.64, 0.975]]","[[0.09, 0.425], [0.64, 0.975]]","[[0.1075, 0.4075], [0.6575, 0.9575]]",17.499999999999982,17.499999999999982,17.499999999999982,17.499999999999982,2,2,2,0,0,"[[0, 0], [1, 1]]","[-17.5, 17.500000000000014, -17.49999999999996, 17.49999999999996]",estimated_gap_preserved,null,null,null,null,ok
physical_gap,16000,159,250.0,215.00000000000003,400,160,25.0,10.0,0.1,0.5,200.0,100.0,"[[0.09, 0.425], [0.64, 0.975]]","[[0.09, 0.425], [0.64, 0.975]]","[[0.1099375, 0.4099375], [0.6599375, 0.9599375]]",17.49999999999997,17.668939024457554,17.49999999999997,17.668939024457554,2,2,2,0,0,"[[0, 0], [1, 1]]","[-19.937499999999996, 15.062499999999979, -19.937499999999943, 15.062499999999979]",estimated_gap_preserved,null,null,null,null,ok
physical_gap,44100,0,190.0,155.0113378684807,1102,441,24.988662131519273,10.0,0.1,0.5,200.0,100.0,"[[0.08, 0.41498866213151925], [0.57, 0.9049886621315193]]","[[0.08, 0.9049886621315193]]","[[0.1, 0.4], [0.59, 0.89]]",null,null,262.49433106575964,357.36084626143764,2,1,1,1,0,"[[0, 0]]","[-20.000000000000004, 504.9886621315193]",expected_short_gap_merge,null,null,null,null,region_count_or_matching_mismatch
physical_gap,44100,1,190.0,155.0113378684807,1102,441,24.988662131519273,10.0,0.1,0.5,200.0,100.0,"[[0.08, 0.41498866213151925], [0.57, 0.9049886621315193]]","[[0.08, 0.9049886621315193]]","[[0.10002267573696146, 0.40002267573696143], [0.5900226757369614, 0.8900226757369615]]",null,null,262.49433106575964,360.7957251095499,2,1,1,1,0,"[[1, 0]]","[-510.02267573696145, 14.965986394557817]",expected_short_gap_merge,null,null,null,null,region_count_or_matching_mismatch
physical_gap,44100,110,190.0,165.01133786848072,1102,441,24.988662131519273,10.0,0.1,0.5,200.0,100.0,"[[0.09, 0.41498866213151925], [0.58, 0.9049886621315193]]","[[0.09, 0.9049886621315193]]","[[0.10249433106575964, 0.40249433106575966], [0.5924943310657597, 0.8924943310657596]]",null,null,257.4943310657597,355.42696933547836,2,1,1,1,0,"[[0, 0]]","[-12.494331065759646, 502.4943310657597]",expected_short_gap_merge,null,null,null,null,region_count_or_matching_mismatch
physical_gap,44100,220,190.0,155.0113378684807,1102,441,24.988662131519273,10.0,0.1,0.5,200.0,100.0,"[[0.09, 0.42498866213151926], [0.58, 0.9149886621315193]]","[[0.09, 0.9149886621315193]]","[[0.10498866213151928, 0.4049886621315193], [0.5949886621315192, 0.8949886621315193]]",null,null,262.49433106575964,360.7801685185127,2,1,1,1,0,"[[0, 0]]","[-14.98866213151928, 510.0]",expected_short_gap_merge,null,null,null,null,region_count_or_matching_mismatch
physical_gap,44100,330,190.0,155.0113378684807,1102,441,24.988662131519273,10.0,0.1,0.5,200.0,100.0,"[[0.09, 0.42498866213151926], [0.58, 0.9149886621315193]]","[[0.09, 0.9149886621315193]]","[[0.10748299319727891, 0.40748299319727893], [0.5974829931972789, 0.8974829931972789]]",null,null,262.49433106575964,359.0735711880831,2,1,1,1,0,"[[0, 0]]","[-17.48299319727892, 507.5056689342403]",expected_short_gap_merge,null,null,null,null,region_count_or_matching_mismatch
physical_gap,44100,440,190.0,155.0113378684807,1102,441,24.988662131519273,10.0,0.1,0.5,200.0,100.0,"[[0.09, 0.42498866213151926], [0.58, 0.9149886621315193]]","[[0.09, 0.9149886621315193]]","[[0.10997732426303855, 0.40997732426303857], [0.5999773242630385, 0.8999773242630386]]",null,null,262.49433106575964,357.3762337232453,2,1,1,1,0,"[[0, 0]]","[-19.977324263038554, 505.0113378684807]",expected_short_gap_merge,null,null,null,null,region_count_or_matching_mismatch
physical_gap,44100,0,200.0,165.01133786848072,1102,441,24.988662131519273,10.0,0.1,0.5,200.0,100.0,"[[0.08, 0.41498866213151925], [0.58, 0.9149886621315193]]","[[0.08, 0.9149886621315193]]","[[0.1, 0.4], [0.6, 0.9]]",null,null,267.49433106575964,364.4264823829438,2,1,1,1,0,"[[0, 0]]","[-20.000000000000004, 514.9886621315193]",known_limitation,null,null,null,null,region_count_or_matching_mismatch
physical_gap,44100,1,200.0,165.01133786848072,1102,441,24.988662131519273,10.0,0.1,0.5,200.0,100.0,"[[0.08, 0.41498866213151925], [0.58, 0.9149886621315193]]","[[0.08, 0.9149886621315193]]","[[0.10002267573696146, 0.40002267573696143], [0.6000226757369614, 0.9000226757369615]]",null,null,267.49433106575964,367.86380905804737,2,1,1,1,0,"[[1, 0]]","[-520.0226757369614, 14.965986394557817]",known_limitation,null,null,null,null,region_count_or_matching_mismatch
physical_gap,44100,110,200.0,175.01133786848072,1102,441,24.988662131519273,10.0,0.1,0.5,200.0,100.0,"[[0.09, 0.41498866213151925], [0.59, 0.9149886621315193]]","[[0.09, 0.9149886621315193]]","[[0.10249433106575964, 0.40249433106575966], [0.6024943310657597, 0.9024943310657596]]",null,null,262.4943310657597,362.49589493077116,2,1,1,1,0,"[[0, 0]]","[-12.494331065759646, 512.4943310657598]",known_limitation,null,null,null,null,region_count_or_matching_mismatch
physical_gap,44100,220,200.0,165.01133786848072,1102,441,24.988662131519273,10.0,0.1,0.5,200.0,100.0,"[[0.09, 0.42498866213151926], [0.59, 0.9249886621315193]]","[[0.09, 0.9249886621315193]]","[[0.10498866213151928, 0.4049886621315193], [0.6049886621315193, 0.9049886621315193]]",null,null,267.49433106575964,367.8482431604729,2,1,1,1,0,"[[0, 0]]","[-14.98866213151928, 520.0]",known_limitation,null,null,null,null,region_count_or_matching_mismatch
physical_gap,44100,330,200.0,165.01133786848072,1102,441,24.988662131519273,10.0,0.1,0.5,200.0,100.0,"[[0.09, 0.42498866213151926], [0.59, 0.9249886621315193]]","[[0.09, 0.9249886621315193]]","[[0.10748299319727891, 0.40748299319727893], [0.6074829931972789, 0.9074829931972789]]",null,null,267.49433106575964,366.14052796038004,2,1,1,1,0,"[[0, 0]]","[-17.48299319727892, 517.5056689342404]",known_limitation,null,null,null,null,region_count_or_matching_mismatch
physical_gap,44100,440,200.0,165.01133786848072,1102,441,24.988662131519273,10.0,0.1,0.5,200.0,100.0,"[[0.09, 0.42498866213151926], [0.59, 0.9249886621315193]]","[[0.09, 0.9249886621315193]]","[[0.10997732426303855, 0.40997732426303857], [0.6099773242630385, 0.9099773242630386]]",null,null,267.49433106575964,364.4418826217652,2,1,1,1,0,"[[0, 0]]","[-19.977324263038554, 515.0113378684807]",known_limitation,null,null,null,null,region_count_or_matching_mismatch
physical_gap,44100,0,210.0,175.01133786848072,1102,441,24.988662131519273,10.0,0.1,0.5,200.0,100.0,"[[0.08, 0.41498866213151925], [0.59, 0.9249886621315193]]","[[0.08, 0.9249886621315193]]","[[0.1, 0.4], [0.61, 0.91]]",null,null,272.49433106575964,371.4923252011019,2,1,1,1,0,"[[0, 0]]","[-20.000000000000004, 524.9886621315193]",known_limitation,null,null,null,null,region_count_or_matching_mismatch
physical_gap,44100,1,210.0,175.01133786848072,1102,441,24.988662131519273,10.0,0.1,0.5,200.0,100.0,"[[0.08, 0.41498866213151925], [0.59, 0.9249886621315193]]","[[0.08, 0.9249886621315193]]","[[0.10002267573696146, 0.40002267573696143], [0.6100226757369615, 0.9100226757369615]]",null,null,272.49433106575964,374.93200553175654,2,1,1,1,0,"[[1, 0]]","[-530.0226757369614, 14.965986394557817]",known_limitation,null,null,null,null,region_count_or_matching_mismatch
physical_gap,44100,110,210.0,185.01133786848072,1102,441,24.988662131519273,10.0,0.1,0.5,200.0,100.0,"[[0.09, 0.41498866213151925], [0.6, 0.9249886621315193]]","[[0.09, 0.9249886621315193]]","[[0.10249433106575964, 0.40249433106575966], [0.6124943310657597, 0.9124943310657596]]",null,null,267.4943310657597,369.56490248983096,2,1,1,1,0,"[[0, 0]]","[-12.494331065759646, 522.4943310657598]",known_limitation,null,null,null,null,region_count_or_matching_mismatch
physical_gap,44100,220,210.0,175.01133786848072,1102,441,24.988662131519273,10.0,0.1,0.5,200.0,100.0,"[[0.09, 0.42498866213151926], [0.6, 0.9349886621315193]]","[[0.09, 0.9349886621315193]]","[[0.10498866213151928, 0.4049886621315193], [0.6149886621315193, 0.9149886621315193]]",null,null,272.49433106575964,374.91643068322094,2,1,1,1,0,"[[0, 0]]","[-14.98866213151928, 530.0]",known_limitation,null,null,null,null,region_count_or_matching_mismatch
physical_gap,44100,330,210.0,175.01133786848072,1102,441,24.988662131519273,10.0,0.1,0.5,200.0,100.0,"[[0.09, 0.42498866213151926], [0.6, 0.9349886621315193]]","[[0.09, 0.9349886621315193]]","[[0.10748299319727891, 0.40748299319727893], [0.617482993197279, 0.9174829931972789]]",null,null,272.49433106575964,373.20764046901326,2,1,1,1,0,"[[0, 0]]","[-17.48299319727892, 527.5056689342404]",known_limitation,null,null,null,null,region_count_or_matching_mismatch
physical_gap,44100,440,210.0,175.01133786848072,1102,441,24.988662131519273,10.0,0.1,0.5,200.0,100.0,"[[0.09, 0.42498866213151926], [0.6, 0.9349886621315193]]","[[0.09, 0.9349886621315193]]","[[0.10997732426303855, 0.40997732426303857], [0.6199773242630385, 0.9199773242630386]]",null,null,272.49433106575964,371.50773772235397,2,1,1,1,0,"[[0, 0]]","[-19.977324263038554, 525.0113378684807]",known_limitation,null,null,null,null,region_count_or_matching_mismatch
physical_gap,44100,0,250.0,215.01133786848075,1102,441,24.988662131519273,10.0,0.1,0.5,200.0,100.0,"[[0.08, 0.41498866213151925], [0.63, 0.9649886621315192]]","[[0.08, 0.41498866213151925], [0.63, 0.9649886621315192]]","[[0.1, 0.4], [0.65, 0.95]]",17.49433106575963,17.67286044324517,17.49433106575963,17.67286044324517,2,2,2,0,0,"[[0, 0], [1, 1]]","[-20.000000000000004, 14.988662131519225, -20.000000000000018, 14.98866213151928]",estimated_gap_preserved,null,null,null,null,ok
physical_gap,44100,1,250.0,215.01133786848075,1102,441,24.988662131519273,10.0,0.1,0.5,200.0,100.0,"[[0.08, 0.41498866213151925], [0.63, 0.9649886621315192]]","[[0.08, 0.41498866213151925], [0.63, 0.9649886621315192]]","[[0.10002267573696146, 0.40002267573696143], [0.6500226757369615, 0.9500226757369614]]",17.494331065759642,17.676089675457,17.494331065759642,17.676089675457,2,2,2,0,0,"[[0, 0], [1, 1]]","[-20.022675736961453, 14.965986394557817, -20.02267573696148, 14.965986394557817]",estimated_gap_preserved,null,null,null,null,ok
physical_gap,44100,110,250.0,225.01133786848075,1102,441,24.988662131519273,10.0,0.1,0.5,200.0,100.0,"[[0.09, 0.41498866213151925], [0.64, 0.9649886621315192]]","[[0.09, 0.41498866213151925], [0.64, 0.9649886621315192]]","[[0.10249433106575964, 0.40249433106575966], [0.6524943310657596, 0.9524943310657596]]",12.494331065759603,12.494331065759603,12.494331065759603,12.494331065759603,2,2,2,0,0,"[[0, 0], [1, 1]]","[-12.494331065759646, 12.494331065759589, -12.494331065759589, 12.494331065759589]",estimated_gap_preserved,null,null,null,null,ok
physical_gap,44100,220,250.0,215.01133786848075,1102,441,24.988662131519273,10.0,0.1,0.5,200.0,100.0,"[[0.09, 0.42498866213151926], [0.64, 0.9749886621315192]]","[[0.09, 0.42498866213151926], [0.64, 0.9749886621315192]]","[[0.10498866213151928, 0.4049886621315193], [0.6549886621315193, 0.9549886621315192]]",17.494331065759635,17.67286044324517,17.494331065759635,17.67286044324517,2,2,2,0,0,"[[0, 0], [1, 1]]","[-14.98866213151928, 19.99999999999996, -14.98866213151928, 20.000000000000018]",estimated_gap_preserved,null,null,null,null,ok
physical_gap,44100,330,250.0,215.01133786848075,1102,441,24.988662131519273,10.0,0.1,0.5,200.0,100.0,"[[0.09, 0.42498866213151926], [0.64, 0.9749886621315192]]","[[0.09, 0.42498866213151926], [0.64, 0.9749886621315192]]","[[0.10748299319727891, 0.40748299319727893], [0.6574829931972789, 0.9574829931972789]]",17.49433106575961,17.49433473972827,17.49433106575961,17.49433473972827,2,2,2,0,0,"[[0, 0], [1, 1]]","[-17.48299319727892, 17.505668934240326, -17.482993197278862, 17.505668934240326]",estimated_gap_preserved,null,null,null,null,ok
physical_gap,44100,440,250.0,215.01133786848075,1102,441,24.988662131519273,10.0,0.1,0.5,200.0,100.0,"[[0.09, 0.42498866213151926], [0.64, 0.9749886621315192]]","[[0.09, 0.42498866213151926], [0.64, 0.9749886621315192]]","[[0.10997732426303855, 0.40997732426303857], [0.6599773242630386, 0.9599773242630385]]",17.494331065759635,17.669659721005836,17.494331065759635,17.669659721005836,2,2,2,0,0,"[[0, 0], [1, 1]]","[-19.977324263038554, 15.01133786848069, -19.977324263038554, 15.011337868480744]",estimated_gap_preserved,null,null,null,null,ok
