endpoint_mode,boundary_convention,minimum_speech_ms,minimum_silence_ms,padding_stage,filename,W,ground_truth_region_count,predicted_region_count,final_region_mae_ms,status,start_error_ms,end_error_ms,energy_threshold,low_ste_threshold,high_ste_threshold,raw_speech_frames,candidate_region_count,final_regions
enhanced,union of active frame supports,100.0,200.0,candidate diagnostics only,phone_F1,1.0,1,1,2.4999999999999467,OK,0.0,-4.999999999999893,0.008092781105660835,0.0025149672448754727,0.06277213619612661,112,1,"[(0.53, 2.745)]"
enhanced,union of active frame supports,100.0,200.0,candidate diagnostics only,phone_M1,1.0,1,1,12.499999999999956,OK,0.0,24.99999999999991,0.0007764157149176753,0.0025149672448754727,0.05503226205650296,189,1,"[(0.46, 3.545)]"
enhanced,union of active frame supports,100.0,200.0,candidate diagnostics only,studio_F1,1.0,1,1,17.494331065759596,OK,-20.000000000000018,14.98866213151917,0.0015126372687888337,0.0025149672448754727,0.08593833483902649,111,1,"[(0.66, 2.164988662131519)]"
enhanced,union of active frame supports,100.0,200.0,candidate diagnostics only,studio_M1,1.0,1,1,22.49433106575971,OK,40.000000000000036,4.9886621315193835,0.0012089473940809733,0.0025149672448754727,0.0546875194427205,78,1,"[(0.91, 2.0649886621315194)]"
enhanced,union of active frame supports,100.0,200.0,candidate diagnostics only,phone_F1,2.0,1,1,2.4999999999999467,OK,0.0,-4.999999999999893,0.005743301842133709,0.0025149672448754727,0.044548261066606844,122,1,"[(0.53, 2.745)]"
enhanced,union of active frame supports,100.0,200.0,candidate diagnostics only,phone_M1,2.0,1,1,12.499999999999956,OK,0.0,24.99999999999991,0.0005560527741363331,0.0025149672448754727,0.03941296060289144,209,1,"[(0.46, 3.545)]"
enhanced,union of active frame supports,100.0,200.0,candidate diagnostics only,studio_F1,2.0,1,1,17.494331065759596,OK,-20.000000000000018,14.98866213151917,0.0010542672103311314,0.0025149672448754727,0.05989669195694749,116,1,"[(0.66, 2.164988662131519)]"
enhanced,union of active frame supports,100.0,200.0,candidate diagnostics only,studio_M1,2.0,1,1,22.49433106575971,OK,40.000000000000036,4.9886621315193835,0.0008635339828220448,0.0025149672448754727,0.03906251976408778,85,1,"[(0.91, 2.0649886621315194)]"
enhanced,union of active frame supports,100.0,200.0,candidate diagnostics only,phone_F1,3.0,1,1,2.4999999999999467,OK,0.0,-4.999999999999893,0.004568562210370147,0.0025149672448754727,0.03543632350184696,126,1,"[(0.53, 2.745)]"
enhanced,union of active frame supports,100.0,200.0,candidate diagnostics only,phone_M1,3.0,1,1,12.499999999999956,OK,0.0,24.99999999999991,0.0004458713037456619,0.0025149672448754727,0.031603309876085686,217,1,"[(0.46, 3.545)]"
enhanced,union of active frame supports,100.0,200.0,candidate diagnostics only,studio_F1,3.0,1,1,17.494331065759596,OK,-20.000000000000018,14.98866213151917,0.0008250821811022802,0.0025149672448754727,0.046875870515907976,121,1,"[(0.66, 2.164988662131519)]"
enhanced,union of active frame supports,100.0,200.0,candidate diagnostics only,studio_M1,3.0,1,1,22.49433106575971,OK,40.000000000000036,4.9886621315193835,0.0006908272771925805,0.0025149672448754727,0.03125001992477143,87,1,"[(0.91, 2.0649886621315194)]"
enhanced,union of active frame supports,100.0,200.0,candidate diagnostics only,phone_F1,4.0,1,1,2.4999999999999467,OK,0.0,-4.999999999999893,0.003863718431312009,0.0025149672448754727,0.02996916096299103,129,1,"[(0.53, 2.745)]"
enhanced,union of active frame supports,100.0,200.0,candidate diagnostics only,phone_M1,4.0,1,1,12.499999999999956,OK,0.0,24.99999999999991,0.0003797624215112592,0.0025149672448754727,0.026917519440002226,221,1,"[(0.46, 3.545)]"
enhanced,union of active frame supports,100.0,200.0,candidate diagnostics only,studio_F1,4.0,1,1,17.494331065759596,OK,-20.000000000000018,14.98866213151917,0.0006875711635649694,0.0025149672448754727,0.039063377651284266,122,1,"[(0.66, 2.164988662131519)]"
enhanced,union of active frame supports,100.0,200.0,candidate diagnostics only,studio_M1,4.0,1,1,22.49433106575971,OK,40.000000000000036,4.9886621315193835,0.0005872032538149019,0.0025149672448754727,0.026562520021181615,88,1,"[(0.91, 2.0649886621315194)]"
enhanced,union of active frame supports,100.0,200.0,candidate diagnostics only,phone_F1,5.0,1,1,2.4999999999999467,OK,0.0,-4.999999999999893,0.003393822578606584,0.0025149672448754727,0.026324385937087077,130,1,"[(0.53, 2.745)]"
enhanced,union of active frame supports,100.0,200.0,candidate diagnostics only,phone_M1,5.0,1,1,12.499999999999956,OK,0.0,24.99999999999991,0.00033568983335499066,0.0025149672448754727,0.02379365914927992,224,1,"[(0.46, 3.545)]"
enhanced,union of active frame supports,100.0,200.0,candidate diagnostics only,studio_F1,5.0,1,1,17.494331065759596,OK,-20.000000000000018,14.98866213151917,0.0005958971518734289,0.0025149672448754727,0.033855049074868464,122,1,"[(0.66, 2.164988662131519)]"
enhanced,union of active frame supports,100.0,200.0,candidate diagnostics only,studio_M1,5.0,1,1,22.49433106575971,OK,40.000000000000036,4.9886621315193835,0.0005181205715631162,0.0025149672448754727,0.02343752008545507,91,1,"[(0.91, 2.0649886621315194)]"
enhanced,union of active frame supports,100.0,200.0,candidate diagnostics only,phone_F1,6.0,1,1,2.4999999999999467,OK,0.0,-4.999999999999893,0.003058182683816995,0.0025149672448754727,0.02372097520429854,130,1,"[(0.53, 2.745)]"
enhanced,union of active frame supports,100.0,200.0,candidate diagnostics only,phone_M1,6.0,1,1,12.499999999999956,OK,0.0,24.99999999999991,0.00030420941324337035,0.0025149672448754727,0.021562330370192558,227,1,"[(0.46, 3.545)]"
enhanced,union of active frame supports,100.0,200.0,candidate diagnostics only,studio_F1,6.0,1,1,17.494331065759596,OK,-20.000000000000018,14.98866213151917,0.0005304157149509,0.0025149672448754727,0.0301348143774286,122,1,"[(0.66, 2.164988662131519)]"
enhanced,union of active frame supports,100.0,200.0,candidate diagnostics only,studio_M1,6.0,1,1,22.49433106575971,OK,40.000000000000036,4.9886621315193835,0.0004687757985261264,0.0025149672448754727,0.021205377274221823,92,1,"[(0.91, 2.0649886621315194)]"
enhanced,union of active frame supports,100.0,200.0,candidate diagnostics only,phone_F1,7.0,1,1,2.4999999999999467,OK,0.0,-4.999999999999893,0.0028064527627248027,0.0025149672448754727,0.021768417154707138,134,1,"[(0.53, 2.745)]"
enhanced,union of active frame supports,100.0,200.0,candidate diagnostics only,phone_M1,7.0,1,1,12.499999999999956,OK,0.0,24.99999999999991,0.00028059909815965513,0.0025149672448754727,0.019888833785877042,230,1,"[(0.46, 3.545)]"
enhanced,union of active frame supports,100.0,200.0,candidate diagnostics only,studio_F1,7.0,1,1,17.494331065759596,OK,-20.000000000000018,14.98866213151917,0.0004813046372590034,0.0025149672448754727,0.02734463835434871,123,1,"[(0.66, 2.164988662131519)]"
enhanced,union of active frame supports,100.0,200.0,candidate diagnostics only,studio_M1,7.0,1,1,22.49433106575971,OK,40.000000000000036,4.9886621315193835,0.00043176721874838405,0.0025149672448754727,0.01953127016579689,92,1,"[(0.91, 2.0649886621315194)]"
enhanced,union of active frame supports,100.0,200.0,candidate diagnostics only,phone_F1,8.0,1,1,2.4999999999999467,OK,0.0,-4.999999999999893,0.002610662824097542,0.0025149672448754727,0.02024976089391382,135,1,"[(0.53, 2.745)]"
enhanced,union of active frame supports,100.0,200.0,candidate diagnostics only,phone_M1,8.0,1,1,12.499999999999956,OK,0.0,24.99999999999991,0.0002622355197612099,0.0025149672448754727,0.018587225331409413,234,1,"[(0.46, 3.545)]"
enhanced,union of active frame supports,100.0,200.0,candidate diagnostics only,studio_F1,8.0,1,1,17.494331065759596,OK,-20.000000000000018,14.98866213151917,0.00044310713238752817,0.0025149672448754727,0.025174501447508792,123,1,"[(0.66, 2.164988662131519)]"
enhanced,union of active frame supports,100.0,200.0,candidate diagnostics only,studio_M1,8.0,1,1,22.49433106575971,OK,40.000000000000036,4.9886621315193835,0.00040298276781014,0.0025149672448754727,0.018229186859244163,92,1,"[(0.91, 2.0649886621315194)]"
enhanced,union of active frame supports,100.0,200.0,candidate diagnostics only,phone_F1,9.0,1,1,2.4999999999999467,OK,0.0,-4.999999999999893,0.002454030873195734,0.0025149672448754727,0.019034835885279173,139,1,"[(0.53, 2.745)]"
enhanced,union of active frame supports,100.0,200.0,candidate diagnostics only,phone_M1,9.0,1,1,12.499999999999956,OK,0.0,24.99999999999991,0.00024754465704245374,0.0025149672448754727,0.01754593856783531,235,1,"[(0.46, 3.545)]"
enhanced,union of active frame supports,100.0,200.0,candidate diagnostics only,studio_F1,9.0,1,1,17.494331065759596,OK,-20.000000000000018,14.98866213151917,0.00041254912849034804,0.0025149672448754727,0.02343839192203686,123,1,"[(0.66, 2.164988662131519)]"
enhanced,union of active frame supports,100.0,200.0,candidate diagnostics only,studio_M1,9.0,1,1,22.49433106575971,OK,40.000000000000036,4.9886621315193835,0.00037995520705954477,0.0025149672448754727,0.01718752021400198,92,1,"[(0.91, 2.0649886621315194)]"
enhanced,union of active frame supports,100.0,200.0,candidate diagnostics only,phone_F1,10.0,1,1,2.4999999999999467,OK,0.0,-4.999999999999893,0.002325877458821527,0.0025149672448754727,0.01804080633275991,140,1,"[(0.53, 2.745)]"
enhanced,union of active frame supports,100.0,200.0,candidate diagnostics only,phone_M1,10.0,1,1,12.499999999999956,OK,0.0,24.99999999999991,0.00023552486027256236,0.0025149672448754727,0.016693976670365592,235,1,"[(0.46, 3.545)]"
enhanced,union of active frame supports,100.0,200.0,candidate diagnostics only,studio_F1,10.0,1,1,17.494331065759596,OK,-20.000000000000018,14.98866213151917,0.0003875471253017461,0.0025149672448754727,0.02201793867392346,125,1,"[(0.66, 2.164988662131519)]"
enhanced,union of active frame supports,100.0,200.0,candidate diagnostics only,studio_M1,10.0,1,1,22.49433106575971,OK,40.000000000000036,4.9886621315193835,0.00036111447553633047,0.0025149672448754727,0.01633524750425838,93,1,"[(0.91, 2.0649886621315194)]"
enhanced,union of active frame supports,100.0,200.0,candidate diagnostics only,phone_F1,11.0,1,1,2.4999999999999467,OK,0.0,-4.999999999999893,0.0022190829468430213,0.0025149672448754727,0.017212448372327195,140,1,"[(0.53, 2.745)]"
enhanced,union of active frame supports,100.0,200.0,candidate diagnostics only,phone_M1,11.0,1,1,12.499999999999956,OK,0.0,24.99999999999991,0.00022550836296431954,0.0025149672448754727,0.01598400842247416,237,1,"[(0.46, 3.545)]"
enhanced,union of active frame supports,100.0,200.0,candidate diagnostics only,studio_F1,11.0,1,1,17.494331065759596,OK,-20.000000000000018,14.98866213151917,0.0003667121226445778,0.0025149672448754727,0.02083422763382896,125,1,"[(0.66, 2.164988662131519)]"
enhanced,union of active frame supports,100.0,200.0,candidate diagnostics only,studio_M1,11.0,1,1,22.49433106575971,OK,40.000000000000036,4.9886621315193835,0.0003454138659336519,0.0025149672448754727,0.01562502024613871,93,1,"[(0.91, 2.0649886621315194)]"
enhanced,union of active frame supports,100.0,200.0,candidate diagnostics only,phone_F1,12.0,1,1,2.4999999999999467,OK,0.0,-4.999999999999893,0.0021287183597842856,0.0025149672448754727,0.016511530098114895,140,1,"[(0.53, 2.745)]"
enhanced,union of active frame supports,100.0,200.0,candidate diagnostics only,phone_M1,12.0,1,1,12.499999999999956,OK,0.0,24.99999999999991,0.00021703286524196022,0.0025149672448754727,0.015383266058873718,238,1,"[(0.46, 3.545)]"
enhanced,union of active frame supports,100.0,200.0,candidate diagnostics only,studio_F1,12.0,1,1,17.494331065759596,OK,-20.000000000000018,14.98866213151917,0.00034908250501158926,0.0025149672448754727,0.019832625984518227,125,1,"[(0.66, 2.164988662131519)]"
enhanced,union of active frame supports,100.0,200.0,candidate diagnostics only,studio_M1,12.0,1,1,22.49433106575971,OK,40.000000000000036,4.9886621315193835,0.00033212873473138543,0.0025149672448754727,0.015024058720037451,93,1,"[(0.91, 2.0649886621315194)]"
enhanced,union of active frame supports,100.0,200.0,candidate diagnostics only,phone_F1,13.0,1,1,2.4999999999999467,OK,0.0,-4.999999999999893,0.0020512629994482267,0.0025149672448754727,0.015910743005932926,141,1,"[(0.53, 2.745)]"
enhanced,union of active frame supports,100.0,200.0,candidate diagnostics only,phone_M1,13.0,1,1,12.499999999999956,OK,0.0,24.99999999999991,0.00020976815290850938,0.0025149672448754727,0.014868344032930482,240,1,"[(0.46, 3.545)]"
enhanced,union of active frame supports,100.0,200.0,candidate diagnostics only,studio_F1,13.0,1,1,17.494331065759596,OK,-20.000000000000018,14.98866213151917,0.00033397140418331336,0.0025149672448754727,0.01897411028510903,126,1,"[(0.66, 2.164988662131519)]"
enhanced,union of active frame supports,100.0,200.0,candidate diagnostics only,studio_M1,13.0,1,1,22.49433106575971,OK,40.000000000000036,4.9886621315193835,0.000320741479415157,0.0025149672448754727,0.014508948840522088,93,1,"[(0.91, 2.0649886621315194)]"
enhanced,union of active frame supports,100.0,200.0,candidate diagnostics only,phone_F1,14.0,1,1,2.4999999999999467,OK,0.0,-4.999999999999893,0.001984135020490309,0.0025149672448754727,0.015390060859375219,141,1,"[(0.53, 2.745)]"
enhanced,union of active frame supports,100.0,200.0,candidate diagnostics only,phone_M1,14.0,1,1,12.499999999999956,OK,0.0,24.99999999999991,0.0002034720688861853,0.0025149672448754727,0.01442207827711301,241,1,"[(0.46, 3.545)]"
enhanced,union of active frame supports,100.0,200.0,candidate diagnostics only,studio_F1,14.0,1,1,17.494331065759596,OK,-20.000000000000018,14.98866213151917,0.00032087511679880753,0.0025149672448754727,0.018230063345621054,127,1,"[(0.66, 2.164988662131519)]"
enhanced,union of active frame supports,100.0,200.0,candidate diagnostics only,studio_M1,14.0,1,1,22.49433106575971,OK,40.000000000000036,4.9886621315193835,0.00031087252480775906,0.0025149672448754727,0.014062520278275438,93,1,"[(0.91, 2.0649886621315194)]"
enhanced,union of active frame supports,100.0,200.0,candidate diagnostics only,phone_F1,15.0,1,1,2.4999999999999467,OK,0.0,-4.999999999999893,0.0019253980389021307,0.0025149672448754727,0.014934463981137226,141,1,"[(0.53, 2.745)]"
enhanced,union of active frame supports,100.0,200.0,candidate diagnostics only,phone_M1,15.0,1,1,12.499999999999956,OK,0.0,24.99999999999991,0.00019796299536665172,0.0025149672448754727,0.014031595740772718,241,1,"[(0.46, 3.545)]"
enhanced,union of active frame supports,100.0,200.0,candidate diagnostics only,studio_F1,15.0,1,1,17.494331065759596,OK,-20.000000000000018,14.98866213151917,0.000309415865337365,0.0025149672448754727,0.017579022273569077,127,1,"[(0.66, 2.164988662131519)]"
enhanced,union of active frame supports,100.0,200.0,candidate diagnostics only,studio_M1,15.0,1,1,22.49433106575971,OK,40.000000000000036,4.9886621315193835,0.00030223718952628585,0.0025149672448754727,0.01367189528630962,93,1,"[(0.91, 2.0649886621315194)]"
enhanced,union of active frame supports,100.0,200.0,candidate diagnostics only,phone_F1,16.0,1,1,2.4999999999999467,OK,0.0,-4.999999999999893,0.0018735712904419735,0.0025149672448754727,0.014532466735633113,141,1,"[(0.53, 2.745)]"
enhanced,union of active frame supports,100.0,200.0,candidate diagnostics only,phone_M1,16.0,1,1,12.499999999999956,OK,0.0,24.99999999999991,0.00019310204814353387,0.0025149672448754727,0.013687052326354818,241,1,"[(0.46, 3.545)]"
enhanced,union of active frame supports,100.0,200.0,candidate diagnostics only,studio_F1,16.0,1,1,17.494331065759596,OK,-20.000000000000018,14.98866213151917,0.00029930476110668036,0.0025149672448754727,0.017004574268817334,127,1,"[(0.66, 2.164988662131519)]"
enhanced,union of active frame supports,100.0,200.0,candidate diagnostics only,studio_M1,16.0,1,1,22.49433106575971,OK,40.000000000000036,4.9886621315193835,0.000294617776042633,0.0025149672448754727,0.013327226175751545,93,1,"[(0.91, 2.0649886621315194)]"
enhanced,union of active frame supports,100.0,200.0,candidate diagnostics only,phone_F1,17.0,1,1,2.4999999999999467,OK,0.0,-4.999999999999893,0.0018275030695885004,0.0025149672448754727,0.014175135850740567,141,1,"[(0.53, 2.745)]"
enhanced,union of active frame supports,100.0,200.0,candidate diagnostics only,phone_M1,17.0,1,1,12.499999999999956,OK,0.0,24.99999999999991,0.00018878120616742914,0.0025149672448754727,0.013380791513538907,242,1,"[(0.46, 3.545)]"
enhanced,union of active frame supports,100.0,200.0,candidate diagnostics only,studio_F1,17.0,1,1,17.494331065759596,OK,-20.000000000000018,14.98866213151917,0.0002903171129016274,0.0025149672448754727,0.01649395382014912,127,1,"[(0.66, 2.164988662131519)]"
enhanced,union of active frame supports,100.0,200.0,candidate diagnostics only,studio_M1,17.0,1,1,22.49433106575971,OK,40.000000000000036,4.9886621315193835,0.00028784496405716384,0.0025149672448754727,0.013020853633033258,93,1,"[(0.91, 2.0649886621315194)]"
enhanced,union of active frame supports,100.0,200.0,candidate diagnostics only,phone_F1,18.0,1,1,2.4999999999999467,OK,0.0,-4.999999999999893,0.0017862841351406562,0.0025149672448754727,0.013855418743205134,141,1,"[(0.53, 2.745)]"
enhanced,union of active frame supports,100.0,200.0,candidate diagnostics only,phone_M1,18.0,1,1,12.499999999999956,OK,0.0,24.99999999999991,0.0001849151896624933,0.0025149672448754727,0.013106768681019405,242,1,"[(0.46, 3.545)]"
enhanced,union of active frame supports,100.0,200.0,candidate diagnostics only,studio_F1,18.0,1,1,17.494331065759596,OK,-20.000000000000018,14.98866213151917,0.00028227553292868525,0.0025149672448754727,0.016037082892393348,127,1,"[(0.66, 2.164988662131519)]"
enhanced,union of active frame supports,100.0,200.0,candidate diagnostics only,studio_M1,18.0,1,1,22.49433106575971,OK,40.000000000000036,4.9886621315193835,0.00028178507964911245,0.0025149672448754727,0.012746730831653737,93,1,"[(0.91, 2.0649886621315194)]"
enhanced,union of active frame supports,100.0,200.0,candidate diagnostics only,phone_F1,19.0,1,1,2.4999999999999467,OK,0.0,-4.999999999999893,0.0017491870941375963,0.0025149672448754727,0.013567673346423243,141,1,"[(0.53, 2.745)]"
enhanced,union of active frame supports,100.0,200.0,candidate diagnostics only,phone_M1,19.0,1,1,12.499999999999956,OK,0.0,24.99999999999991,0.00018143577480805108,0.0025149672448754727,0.012860148131751858,243,1,"[(0.46, 3.545)]"
enhanced,union of active frame supports,100.0,200.0,candidate diagnostics only,studio_F1,19.0,1,1,17.494331065759596,OK,-20.000000000000018,14.98866213151917,0.0002750381109530373,0.0025149672448754727,0.015625899057413153,127,1,"[(0.66, 2.164988662131519)]"
enhanced,union of active frame supports,100.0,200.0,candidate diagnostics only,studio_M1,19.0,1,1,22.49433106575971,OK,40.000000000000036,4.9886621315193835,0.0002763311836818662,0.0025149672448754727,0.012500020310412167,93,1,"[(0.91, 2.0649886621315194)]"
enhanced,union of active frame supports,100.0,200.0,candidate diagnostics only,phone_F1,20.0,1,1,2.4999999999999467,OK,0.0,-4.999999999999893,0.0017156231046586373,0.0025149672448754727,0.013307332273144389,142,1,"[(0.53, 2.745)]"
enhanced,union of active frame supports,100.0,200.0,candidate diagnostics only,phone_M1,20.0,1,1,12.499999999999956,OK,0.0,24.99999999999991,0.00017828773279688904,0.0025149672448754727,0.012637015253843122,244,1,"[(0.46, 3.545)]"
enhanced,union of active frame supports,100.0,200.0,candidate diagnostics only,studio_F1,20.0,1,1,17.494331065759596,OK,-20.000000000000018,14.98866213151917,0.00026848996726078445,0.0025149672448754727,0.015253875587669167,127,1,"[(0.66, 2.164988662131519)]"
enhanced,union of active frame supports,100.0,200.0,candidate diagnostics only,studio_M1,20.0,1,1,22.49433106575971,OK,40.000000000000036,4.9886621315193835,0.00027139670637816725,0.0025149672448754727,0.012276806029288843,93,1,"[(0.91, 2.0649886621315194)]"
enhanced,union of active frame supports,100.0,200.0,candidate diagnostics only,phone_F1,21.0,1,1,2.4999999999999467,OK,0.0,-4.999999999999893,0.0016851103869504928,0.0025149672448754727,0.013070658570163611,142,1,"[(0.53, 2.745)]"
enhanced,union of active frame supports,100.0,200.0,candidate diagnostics only,phone_M1,21.0,1,1,12.499999999999956,OK,0.0,24.99999999999991,0.0001754258764231054,0.0025149672448754727,0.012434167183016999,245,1,"[(0.46, 3.545)]"
enhanced,union of active frame supports,100.0,200.0,candidate diagnostics only,studio_F1,21.0,1,1,17.494331065759596,OK,-20.000000000000018,14.98866213151917,0.00026253710935873634,0.0025149672448754727,0.014915672433356451,127,1,"[(0.66, 2.164988662131519)]"
enhanced,union of active frame supports,100.0,200.0,candidate diagnostics only,studio_M1,21.0,1,1,22.49433106575971,OK,40.000000000000036,4.9886621315193835,0.00026691081792025906,0.0025149672448754727,0.012073883955540366,93,1,"[(0.91, 2.0649886621315194)]"
enhanced,union of active frame supports,100.0,200.0,candidate diagnostics only,phone_F1,22.0,1,1,2.4999999999999467,OK,0.0,-4.999999999999893,0.0016572509490430567,0.0025149672448754727,0.012854565189181166,142,1,"[(0.53, 2.745)]"
enhanced,union of active frame supports,100.0,200.0,candidate diagnostics only,phone_M1,22.0,1,1,12.499999999999956,OK,0.0,24.99999999999991,0.00017281287712530286,0.0025149672448754727,0.012248958074871403,245,1,"[(0.46, 3.545)]"
enhanced,union of active frame supports,100.0,200.0,candidate diagnostics only,studio_F1,22.0,1,1,17.494331065759596,OK,-20.000000000000018,14.98866213151917,0.00025710189127425766,0.0025149672448754727,0.014606878248983974,127,1,"[(0.66, 2.164988662131519)]"
enhanced,union of active frame supports,100.0,200.0,candidate diagnostics only,studio_M1,22.0,1,1,22.49433106575971,OK,40.000000000000036,4.9886621315193835,0.0002628150067195603,0.0025149672448754727,0.011888607279509147,93,1,"[(0.91, 2.0649886621315194)]"
enhanced,union of active frame supports,100.0,200.0,candidate diagnostics only,phone_F1,23.0,1,1,2.4999999999999467,OK,0.0,-4.999999999999893,0.00163171313096124,0.0025149672448754727,0.012656479589947254,142,1,"[(0.53, 2.745)]"
enhanced,union of active frame supports,100.0,200.0,candidate diagnostics only,phone_M1,23.0,1,1,12.499999999999956,OK,0.0,24.99999999999991,0.00017041762776898392,0.0025149672448754727,0.01207918305907128,246,1,"[(0.46, 3.545)]"
enhanced,union of active frame supports,100.0,200.0,candidate diagnostics only,studio_F1,23.0,1,1,17.494331065759596,OK,-20.000000000000018,14.98866213151917,0.0002521196080301522,0.0025149672448754727,0.0143238169133092,127,1,"[(0.66, 2.164988662131519)]"
enhanced,union of active frame supports,100.0,200.0,candidate diagnostics only,studio_M1,23.0,1,1,22.49433106575971,OK,40.000000000000036,4.9886621315193835,0.0002590605131189198,0.0025149672448754727,0.011718770326480532,94,1,"[(0.91, 2.0649886621315194)]"
enhanced,union of active frame supports,100.0,200.0,candidate diagnostics only,phone_F1,24.0,1,1,2.4999999999999467,OK,0.0,-4.999999999999893,0.001608218338325969,0.0025149672448754727,0.012474240838652059,143,1,"[(0.53, 2.745)]"
enhanced,union of active frame supports,100.0,200.0,candidate diagnostics only,phone_M1,24.0,1,1,12.499999999999956,OK,0.0,24.99999999999991,0.00016821399836117052,0.0025149672448754727,0.011922990044535165,246,1,"[(0.46, 3.545)]"
enhanced,union of active frame supports,100.0,200.0,candidate diagnostics only,studio_F1,24.0,1,1,17.494331065759596,OK,-20.000000000000018,14.98866213151917,0.0002475359074455752,0.0025149672448754727,0.014063400484488411,127,1,"[(0.66, 2.164988662131519)]"
enhanced,union of active frame supports,100.0,200.0,candidate diagnostics only,studio_M1,24.0,1,1,22.49433106575971,OK,40.000000000000036,4.9886621315193835,0.00025560637900633046,0.0025149672448754727,0.011562520329694202,94,1,"[(0.91, 2.0649886621315194)]"
enhanced,union of active frame supports,100.0,200.0,candidate diagnostics only,phone_F1,25.0,1,1,2.4999999999999467,OK,0.0,-4.999999999999893,0.0015865308374318726,0.0025149672448754727,0.012306020452841107,143,1,"[(0.53, 2.745)]"
enhanced,union of active frame supports,100.0,200.0,candidate diagnostics only,phone_M1,25.0,1,1,12.499999999999956,OK,0.0,24.99999999999991,0.00016617987890780428,0.0025149672448754727,0.011778811877271058,246,1,"[(0.46, 3.545)]"
enhanced,union of active frame supports,100.0,200.0,candidate diagnostics only,studio_F1,25.0,1,1,17.494331065759596,OK,-20.000000000000018,14.98866213151917,0.00024330479921365794,0.0025149672448754727,0.013823016088653836,127,1,"[(0.66, 2.164988662131519)]"
enhanced,union of active frame supports,100.0,200.0,candidate diagnostics only,studio_M1,25.0,1,1,22.49433106575971,OK,40.000000000000036,4.9886621315193835,0.0002524179475177865,0.0025149672448754727,0.011418289563429902,94,1,"[(0.91, 2.0649886621315194)]"
enhanced,union of active frame supports,100.0,200.0,candidate diagnostics only,phone_F1,26.0,1,1,2.4999999999999467,OK,0.0,-4.999999999999893,0.0015664498180854869,0.0025149672448754727,0.012150260836349486,143,1,"[(0.53, 2.745)]"
enhanced,union of active frame supports,100.0,200.0,candidate diagnostics only,phone_M1,26.0,1,1,12.499999999999956,OK,0.0,24.99999999999991,0.0001642964349695022,0.0025149672448754727,0.011645313574248738,246,1,"[(0.46, 3.545)]"
enhanced,union of active frame supports,100.0,200.0,candidate diagnostics only,studio_F1,26.0,1,1,17.494331065759596,OK,-20.000000000000018,14.98866213151917,0.00023938710640632714,0.0025149672448754727,0.013600437944362562,127,1,"[(0.66, 2.164988662131519)]"
enhanced,union of active frame supports,100.0,200.0,candidate diagnostics only,studio_M1,26.0,1,1,22.49433106575971,OK,40.000000000000036,4.9886621315193835,0.0002494656961395051,0.0025149672448754727,0.011284742557629622,94,1,"[(0.91, 2.0649886621315194)]"
enhanced,union of active frame supports,100.0,200.0,candidate diagnostics only,phone_F1,27.0,1,1,2.4999999999999467,OK,0.0,-4.999999999999893,0.001547803157263843,0.0025149672448754727,0.012005626906750121,143,1,"[(0.53, 2.745)]"
enhanced,union of active frame supports,100.0,200.0,candidate diagnostics only,phone_M1,27.0,1,1,12.499999999999956,OK,0.0,24.99999999999991,0.00016254752274107886,0.0025149672448754727,0.01152135086429944,246,1,"[(0.46, 3.545)]"
enhanced,union of active frame supports,100.0,200.0,candidate diagnostics only,studio_F1,27.0,1,1,17.494331065759596,OK,-20.000000000000018,14.98866213151917,0.00023574924879952,0.0025149672448754727,0.013393758238949238,127,1,"[(0.66, 2.164988662131519)]"
enhanced,union of active frame supports,100.0,200.0,candidate diagnostics only,studio_M1,27.0,1,1,22.49433106575971,OK,40.000000000000036,4.9886621315193835,0.0002467243198596723,0.0025149672448754727,0.011160734623672218,94,1,"[(0.91, 2.0649886621315194)]"
enhanced,union of active frame supports,100.0,200.0,candidate diagnostics only,phone_F1,28.0,1,1,2.4999999999999467,OK,0.0,-4.999999999999893,0.0015304424730505884,0.0025149672448754727,0.011870967730916233,144,1,"[(0.53, 2.745)]"
enhanced,union of active frame supports,100.0,200.0,candidate diagnostics only,phone_M1,28.0,1,1,12.499999999999956,OK,0.0,24.99999999999991,0.0001609192251490985,0.0025149672448754727,0.01140593730676044,248,1,"[(0.46, 3.545)]"
enhanced,union of active frame supports,100.0,200.0,candidate diagnostics only,studio_F1,28.0,1,1,17.494331065759596,OK,-20.000000000000018,14.98866213151917,0.00023236227792421677,0.0025149672448754727,0.013201332306323038,127,1,"[(0.66, 2.164988662131519)]"
enhanced,union of active frame supports,100.0,200.0,candidate diagnostics only,studio_M1,28.0,1,1,22.49433106575971,OK,40.000000000000036,4.9886621315193835,0.0002441720040129315,0.0025149672448754727,0.011045278961022226,94,1,"[(0.91, 2.0649886621315194)]"
enhanced,union of active frame supports,100.0,200.0,candidate diagnostics only,phone_F1,29.0,1,1,2.4999999999999467,OK,0.0,-4.999999999999893,0.001514239167784884,0.0025149672448754727,0.011745285833471267,144,1,"[(0.53, 2.745)]"
enhanced,union of active frame supports,100.0,200.0,candidate diagnostics only,phone_M1,29.0,1,1,12.499999999999956,OK,0.0,24.99999999999991,0.00015939948072991685,0.0025149672448754727,0.011298217986390706,250,1,"[(0.46, 3.545)]"
enhanced,union of active frame supports,100.0,200.0,candidate diagnostics only,studio_F1,29.0,1,1,17.494331065759596,OK,-20.000000000000018,14.98866213151917,0.0002292011051072671,0.0025149672448754727,0.013021734769205252,127,1,"[(0.66, 2.164988662131519)]"
enhanced,union of active frame supports,100.0,200.0,candidate diagnostics only,studio_M1,29.0,1,1,22.49433106575971,OK,40.000000000000036,4.9886621315193835,0.00024178984255597335,0.0025149672448754727,0.010937520342548895,94,1,"[(0.91, 2.0649886621315194)]"
enhanced,union of active frame supports,100.0,200.0,candidate diagnostics only,phone_F1,30.0,1,1,2.4999999999999467,OK,0.0,-4.999999999999893,0.001499081237052451,0.0025149672448754727,0.011627712445538884,144,1,"[(0.53, 2.745)]"
enhanced,union of active frame supports,100.0,200.0,candidate diagnostics only,phone_M1,30.0,1,1,12.499999999999956,OK,0.0,24.99999999999991,0.00015797778433777911,0.0025149672448754727,0.011197448299593208,250,1,"[(0.46, 3.545)]"
enhanced,union of active frame supports,100.0,200.0,candidate diagnostics only,studio_F1,30.0,1,1,17.494331065759596,OK,-20.000000000000018,14.98866213151917,0.00022624387892366903,0.0025149672448754727,0.012853724169966033,128,1,"[(0.66, 2.164988662131519)]"
enhanced,union of active frame supports,100.0,200.0,candidate diagnostics only,studio_M1,30.0,1,1,22.49433106575971,OK,40.000000000000036,4.9886621315193835,0.000239561368934948,0.0025149672448754727,0.01083671389300933,94,1,"[(0.91, 2.0649886621315194)]"
enhanced,union of active frame supports,100.0,200.0,candidate diagnostics only,phone_F1,31.0,1,1,2.4999999999999467,OK,0.0,-4.999999999999893,0.001484870676990795,0.0025149672448754727,0.011517487394352271,144,1,"[(0.53, 2.745)]"
enhanced,union of active frame supports,100.0,200.0,candidate diagnostics only,phone_M1,31.0,1,1,12.499999999999956,OK,0.0,24.99999999999991,0.00015664494397015004,0.0025149672448754727,0.01110297671822056,251,1,"[(0.46, 3.545)]"
enhanced,union of active frame supports,100.0,200.0,candidate diagnostics only,studio_F1,31.0,1,1,17.494331065759596,OK,-20.000000000000018,14.98866213151917,0.00022347147937654583,0.0025149672448754727,0.012696214233179265,129,1,"[(0.66, 2.164988662131519)]"
enhanced,union of active frame supports,100.0,200.0,candidate diagnostics only,studio_M1,31.0,1,1,22.49433106575971,OK,40.000000000000036,4.9886621315193835,0.00023747217491523675,0.0025149672448754727,0.010742207846565986,94,1,"[(0.91, 2.0649886621315194)]"
enhanced,union of active frame supports,100.0,200.0,candidate diagnostics only,phone_F1,32.0,1,1,2.4999999999999467,OK,0.0,-4.999999999999893,0.0014715213629934818,0.0025149672448754727,0.011413942649298183,144,1,"[(0.53, 2.745)]"
enhanced,union of active frame supports,100.0,200.0,candidate diagnostics only,phone_M1,32.0,1,1,12.499999999999956,OK,0.0,24.99999999999991,0.00015539288180661969,0.0025149672448754727,0.01101423068723413,251,1,"[(0.46, 3.545)]"
enhanced,union of active frame supports,100.0,200.0,candidate diagnostics only,studio_F1,32.0,1,1,17.494331065759596,OK,-20.000000000000018,14.98866213151917,0.0002208671040443998,0.0025149672448754727,0.012548250353167452,129,1,"[(0.66, 2.164988662131519)]"
enhanced,union of active frame supports,100.0,200.0,candidate diagnostics only,studio_M1,32.0,1,1,22.49433106575971,OK,40.000000000000036,4.9886621315193835,0.00023550959871490194,0.0025149672448754727,0.010653429439301029,94,1,"[(0.91, 2.0649886621315194)]"
enhanced,union of active frame supports,100.0,200.0,candidate diagnostics only,phone_F1,33.0,1,1,2.4999999999999467,OK,0.0,-4.999999999999893,0.0014589573027607163,0.0025149672448754727,0.011316488771600214,144,1,"[(0.53, 2.745)]"
enhanced,union of active frame supports,100.0,200.0,candidate diagnostics only,phone_M1,33.0,1,1,12.499999999999956,OK,0.0,24.99999999999991,0.00015421447035859112,0.0025149672448754727,0.010930705011011609,252,1,"[(0.46, 3.545)]"
enhanced,union of active frame supports,100.0,200.0,candidate diagnostics only,studio_F1,33.0,1,1,17.494331065759596,OK,-20.000000000000018,14.98866213151917,0.00021841592726120352,0.0025149672448754727,0.012408990230803394,129,1,"[(0.66, 2.164988662131519)]"
enhanced,union of active frame supports,100.0,200.0,candidate diagnostics only,studio_M1,33.0,1,1,22.49433106575971,OK,40.000000000000036,4.9886621315193835,0.00023366246817341035,0.0025149672448754727,0.01056987329128695,94,1,"[(0.91, 2.0649886621315194)]"
enhanced,union of active frame supports,100.0,200.0,candidate diagnostics only,phone_F1,34.0,1,1,2.4999999999999467,OK,0.0,-4.999999999999893,0.001447111188826966,0.0025149672448754727,0.01122460368691356,144,1,"[(0.53, 2.745)]"
enhanced,union of active frame supports,100.0,200.0,candidate diagnostics only,phone_M1,34.0,1,1,12.499999999999956,OK,0.0,24.99999999999991,0.00015310339670759278,0.0025149672448754727,0.010851952230573232,252,1,"[(0.46, 3.545)]"
enhanced,union of active frame supports,100.0,200.0,candidate diagnostics only,studio_F1,34.0,1,1,17.494331065759596,OK,-20.000000000000018,14.98866213151917,0.00021610481772276133,0.0025149672448754727,0.012277687829717282,129,1,"[(0.66, 2.164988662131519)]"
enhanced,union of active frame supports,100.0,200.0,candidate diagnostics only,studio_M1,34.0,1,1,22.49433106575971,OK,40.000000000000036,4.9886621315193835,0.00023192088794857541,0.0025149672448754727,0.010491091780302247,94,1,"[(0.91, 2.0649886621315194)]"
enhanced,union of active frame supports,100.0,200.0,candidate diagnostics only,phone_F1,35.0,1,1,2.4999999999999467,OK,0.0,-4.999999999999893,0.0014359231923339799,0.0025149672448754727,0.011137823329153944,144,1,"[(0.53, 2.745)]"
enhanced,union of active frame supports,100.0,200.0,candidate diagnostics only,phone_M1,35.0,1,1,12.499999999999956,OK,0.0,24.99999999999991,0.00015205404937053876,0.0025149672448754727,0.010777574604603653,253,1,"[(0.46, 3.545)]"
enhanced,union of active frame supports,100.0,200.0,candidate diagnostics only,studio_F1,35.0,1,1,17.494331065759596,OK,-20.000000000000018,14.98866213151917,0.00021392210315867704,0.0025149672448754727,0.012153680006469285,129,1,"[(0.66, 2.164988662131519)]"
enhanced,union of active frame supports,100.0,200.0,candidate diagnostics only,studio_M1,35.0,1,1,22.49433106575971,OK,40.000000000000036,4.9886621315193835,0.00023027606218067577,0.0025149672448754727,0.010416687019927807,94,1,"[(0.91, 2.0649886621315194)]"
enhanced,union of active frame supports,100.0,200.0,candidate diagnostics only,phone_F1,36.0,1,1,2.4999999999999467,OK,0.0,-4.999999999999893,0.001425339952408182,0.0025149672448754727,0.011055733801543493,144,1,"[(0.53, 2.745)]"
enhanced,union of active frame supports,100.0,200.0,candidate diagnostics only,phone_M1,36.0,1,1,12.499999999999956,OK,0.0,24.99999999999991,0.00015106142351116334,0.0025149672448754727,0.010707217390848647,253,1,"[(0.46, 3.545)]"
enhanced,union of active frame supports,100.0,200.0,candidate diagnostics only,studio_F1,36.0,1,1,17.494331065759596,OK,-20.000000000000018,14.98866213151917,0.00021185737316562432,0.0025149672448754727,0.012036375308802263,129,1,"[(0.66, 2.164988662131519)]"
enhanced,union of active frame supports,100.0,200.0,candidate diagnostics only,studio_M1,36.0,1,1,22.49433106575971,OK,40.000000000000036,4.9886621315193835,0.00022872014591374364,0.0025149672448754727,0.010346304138492524,94,1,"[(0.91, 2.0649886621315194)]"
enhanced,union of active frame supports,100.0,200.0,candidate diagnostics only,phone_F1,37.0,1,1,2.4999999999999467,OK,0.0,-4.999999999999893,0.0014153137251100576,0.0025149672448754727,0.010977964775386224,144,1,"[(0.53, 2.745)]"
enhanced,union of active frame supports,100.0,200.0,candidate diagnostics only,phone_M1,37.0,1,1,12.499999999999956,OK,0.0,24.99999999999991,0.00015012104111807083,0.0025149672448754727,0.010640563188343903,253,1,"[(0.46, 3.545)]"
enhanced,union of active frame supports,100.0,200.0,candidate diagnostics only,studio_F1,37.0,1,1,17.494331065759596,OK,-20.000000000000018,14.98866213151917,0.00020990131317220596,0.0025149672448754727,0.0119252445425914,130,1,"[(0.66, 2.164988662131519)]"
enhanced,union of active frame supports,100.0,200.0,candidate diagnostics only,studio_M1,37.0,1,1,22.49433106575971,OK,40.000000000000036,4.9886621315193835,0.00022724611997665007,0.0025149672448754727,0.010279625619238045,94,1,"[(0.91, 2.0649886621315194)]"
enhanced,union of active frame supports,100.0,200.0,candidate diagnostics only,phone_F1,38.0,1,1,2.4999999999999467,OK,0.0,-4.999999999999893,0.0014058016633144012,0.0025149672448754727,0.010904183904416508,144,1,"[(0.53, 2.745)]"
enhanced,union of active frame supports,100.0,200.0,candidate diagnostics only,phone_M1,38.0,1,1,12.499999999999956,OK,0.0,24.99999999999991,0.00014922888346308562,0.0025149672448754727,0.01057732715007017,255,1,"[(0.46, 3.545)]"
enhanced,union of active frame supports,100.0,200.0,candidate diagnostics only,studio_F1,38.0,1,1,17.494331065759596,OK,-20.000000000000018,14.98866213151917,0.00020804556394768086,0.0025149672448754727,0.011819812790032375,130,1,"[(0.66, 2.164988662131519)]"
enhanced,union of active frame supports,100.0,200.0,candidate diagnostics only,studio_M1,38.0,1,1,22.49433106575971,OK,40.000000000000036,4.9886621315193835,0.0002258476851132536,0.0025149672448754727,0.010216366511227388,94,1,"[(0.91, 2.0649886621315194)]"
enhanced,union of active frame supports,100.0,200.0,candidate diagnostics only,phone_F1,39.0,1,1,2.4999999999999467,OK,0.0,-4.999999999999893,0.0013967652046085277,0.0025149672448754727,0.01083409207699528,144,1,"[(0.53, 2.745)]"
enhanced,union of active frame supports,100.0,200.0,candidate diagnostics only,phone_M1,39.0,1,1,12.499999999999956,OK,0.0,24.99999999999991,0.0001483813336908497,0.0025149672448754727,0.010517252913710126,256,1,"[(0.46, 3.545)]"
enhanced,union of active frame supports,100.0,200.0,candidate diagnostics only,studio_F1,39.0,1,1,17.494331065759596,OK,-20.000000000000018,14.98866213151917,0.000206282602184382,0.0025149672448754727,0.011719652625101301,130,1,"[(0.66, 2.164988662131519)]"
enhanced,union of active frame supports,100.0,200.0,candidate diagnostics only,studio_M1,39.0,1,1,22.49433106575971,OK,40.000000000000036,4.9886621315193835,0.00022451917199302695,0.0025149672448754727,0.010156270358617261,94,1,"[(0.91, 2.0649886621315194)]"
enhanced,union of active frame supports,100.0,200.0,candidate diagnostics only,phone_F1,40.0,1,1,2.4999999999999467,OK,0.0,-4.999999999999893,0.0013881695487663554,0.0025149672448754727,0.010767419363106793,144,1,"[(0.53, 2.745)]"
enhanced,union of active frame supports,100.0,200.0,candidate diagnostics only,phone_M1,40.0,1,1,12.499999999999956,OK,0.0,24.99999999999991,0.00014757512780994237,0.0025149672448754727,0.010460109127904233,256,1,"[(0.46, 3.545)]"
enhanced,union of active frame supports,100.0,200.0,candidate diagnostics only,studio_F1,40.0,1,1,17.494331065759596,OK,-20.000000000000018,14.98866213151917,0.00020460563855587821,0.0025149672448754727,0.011624378321874185,130,1,"[(0.66, 2.164988662131519)]"
enhanced,union of active frame supports,100.0,200.0,candidate diagnostics only,studio_M1,40.0,1,1,22.49433106575971,OK,40.000000000000036,4.9886621315193835,0.00022325546439086016,0.0025149672448754727,0.010099105725646654,94,1,"[(0.91, 2.0649886621315194)]"
enhanced,union of active frame supports,100.0,200.0,candidate diagnostics only,phone_F1,41.0,1,1,2.4999999999999467,OK,0.0,-4.999999999999893,0.0013799832098690481,0.0025149672448754727,0.010703921540355852,144,1,"[(0.53, 2.745)]"
enhanced,union of active frame supports,100.0,200.0,candidate diagnostics only,phone_M1,41.0,1,1,12.499999999999956,OK,0.0,24.99999999999991,0.0001468073126852687,0.0025149672448754727,0.01040568647475576,256,1,"[(0.46, 3.545)]"
enhanced,union of active frame supports,100.0,200.0,candidate diagnostics only,studio_F1,41.0,1,1,17.494331065759596,OK,-20.000000000000018,14.98866213151917,0.0002030085303382555,0.0025149672448754727,0.011533640890229306,130,1,"[(0.66, 2.164988662131519)]"
enhanced,union of active frame supports,100.0,200.0,candidate diagnostics only,studio_M1,41.0,1,1,22.49433106575971,OK,40.000000000000036,4.9886621315193835,0.00022205193334117742,0.0025149672448754727,0.010044663218055597,94,1,"[(0.91, 2.0649886621315194)]"
enhanced,union of active frame supports,100.0,200.0,candidate diagnostics only,phone_F1,42.0,1,1,2.4999999999999467,OK,0.0,-4.999999999999893,0.001372177630920453,0.0025149672448754727,0.010643377104709606,144,1,"[(0.53, 2.745)]"
enhanced,union of active frame supports,100.0,200.0,candidate diagnostics only,phone_M1,42.0,1,1,12.499999999999956,OK,0.0,24.99999999999991,0.0001460752098919752,0.0025149672448754727,0.01035379510780024,256,1,"[(0.46, 3.545)]"
enhanced,union of active frame supports,100.0,200.0,candidate diagnostics only,studio_F1,42.0,1,1,17.494331065759596,OK,-20.000000000000018,14.98866213151917,0.0002014857062237781,0.0025149672448754727,0.011447123804242334,130,1,"[(0.66, 2.164988662131519)]"
enhanced,union of active frame supports,100.0,200.0,candidate diagnostics only,studio_M1,42.0,1,1,22.49433106575971,OK,40.000000000000036,4.9886621315193835,0.0002209043804798521,0.0025149672448754727,0.009992752920119941,94,1,"[(0.91, 2.0649886621315194)]"
enhanced,union of active frame supports,100.0,200.0,candidate diagnostics only,phone_F1,43.0,1,1,2.4999999999999467,OK,0.0,-4.999999999999893,0.0013647268510149759,0.0025149672448754727,0.010585584688865463,144,1,"[(0.53, 2.745)]"
enhanced,union of active frame supports,100.0,200.0,candidate diagnostics only,phone_M1,43.0,1,1,12.499999999999956,OK,0.0,24.99999999999991,0.00014537638449837686,0.0025149672448754727,0.010304262439342697,256,1,"[(0.46, 3.545)]"
enhanced,union of active frame supports,100.0,200.0,candidate diagnostics only,studio_F1,43.0,1,1,17.494331065759596,OK,-20.000000000000018,14.98866213151917,0.00020003210138723148,0.0025149672448754727,0.01136453931307295,130,1,"[(0.66, 2.164988662131519)]"
enhanced,union of active frame supports,100.0,200.0,candidate diagnostics only,studio_M1,43.0,1,1,22.49433106575971,OK,40.000000000000036,4.9886621315193835,0.00021980898911222335,0.0025149672448754727,0.009943202181181358,94,1,"[(0.91, 2.0649886621315194)]"
enhanced,union of active frame supports,100.0,200.0,candidate diagnostics only,phone_F1,44.0,1,1,2.4999999999999467,OK,0.0,-4.999999999999893,0.0013576072168830756,0.0025149672448754727,0.010530360824836616,144,1,"[(0.53, 2.745)]"
enhanced,union of active frame supports,100.0,200.0,candidate diagnostics only,phone_M1,44.0,1,1,12.499999999999956,OK,0.0,24.99999999999991,0.00014470861801116065,0.0025149672448754727,0.0102569312228166,256,1,"[(0.46, 3.545)]"
enhanced,union of active frame supports,100.0,200.0,candidate diagnostics only,studio_F1,44.0,1,1,17.494331065759596,OK,-20.000000000000018,14.98866213151917,0.00019864310121008692,0.0025149672448754727,0.011285625243733317,130,1,"[(0.66, 2.164988662131519)]"
enhanced,union of active frame supports,100.0,200.0,candidate diagnostics only,studio_M1,44.0,1,1,22.49433106575971,OK,40.000000000000036,4.9886621315193835,0.0002187622818053781,0.0025149672448754727,0.009895853697306714,94,1,"[(0.91, 2.0649886621315194)]"
enhanced,union of active frame supports,100.0,200.0,candidate diagnostics only,phone_F1,45.0,1,1,2.4999999999999467,OK,0.0,-4.999999999999893,0.001350797132061258,0.0025149672448754727,0.010477537998374241,144,1,"[(0.53, 2.745)]"
enhanced,union of active frame supports,100.0,200.0,candidate diagnostics only,phone_M1,45.0,1,1,12.499999999999956,OK,0.0,24.99999999999991,0.0001440698848494756,0.0025149672448754727,0.010211657885269902,256,1,"[(0.46, 3.545)]"
enhanced,union of active frame supports,100.0,200.0,candidate diagnostics only,studio_F1,45.0,1,1,17.494331065759596,OK,-20.000000000000018,14.98866213151917,0.00019731449234499214,0.0025149672448754727,0.011210142220886711,130,1,"[(0.66, 2.164988662131519)]"
enhanced,union of active frame supports,100.0,200.0,candidate diagnostics only,studio_M1,45.0,1,1,22.49433106575971,OK,40.000000000000036,4.9886621315193835,0.00021776108351187397,0.0025149672448754727,0.00985056384316575,94,1,"[(0.91, 2.0649886621315194)]"
enhanced,union of active frame supports,100.0,200.0,candidate diagnostics only,phone_F1,46.0,1,1,2.4999999999999467,OK,0.0,-4.999999999999893,0.0013442768380829216,0.0025149672448754727,0.010426962951761326,144,1,"[(0.53, 2.745)]"
enhanced,union of active frame supports,100.0,200.0,candidate diagnostics only,phone_M1,46.0,1,1,12.499999999999956,OK,0.0,24.99999999999991,0.00014345833182233036,0.0025149672448754727,0.01016831107272519,256,1,"[(0.46, 3.545)]"
enhanced,union of active frame supports,100.0,200.0,candidate diagnostics only,studio_F1,46.0,1,1,17.494331065759596,OK,-20.000000000000018,14.98866213151917,0.0001960424200273482,0.0025149672448754727,0.011137871241565492,130,1,"[(0.66, 2.164988662131519)]"
enhanced,union of active frame supports,100.0,200.0,candidate diagnostics only,studio_M1,46.0,1,1,22.49433106575971,OK,40.000000000000036,4.9886621315193835,0.00021680248940107217,0.0025149672448754727,0.009807201216860573,94,1,"[(0.91, 2.0649886621315194)]"
enhanced,union of active frame supports,100.0,200.0,candidate diagnostics only,phone_F1,47.0,1,1,2.4999999999999467,OK,0.0,-4.999999999999893,0.0013380282230203494,0.0025149672448754727,0.010378495198757285,144,1,"[(0.53, 2.745)]"
enhanced,union of active frame supports,100.0,200.0,candidate diagnostics only,phone_M1,47.0,1,1,12.499999999999956,OK,0.0,24.99999999999991,0.00014287226017131616,0.0025149672448754727,0.01012677037736984,256,1,"[(0.46, 3.545)]"
enhanced,union of active frame supports,100.0,200.0,candidate diagnostics only,studio_F1,47.0,1,1,17.494331065759596,OK,-20.000000000000018,14.98866213151917,0.0001948233507229394,0.0025149672448754727,0.011068611553049324,130,1,"[(0.66, 2.164988662131519)]"
enhanced,union of active frame supports,100.0,200.0,candidate diagnostics only,studio_M1,47.0,1,1,22.49433106575971,OK,40.000000000000036,4.9886621315193835,0.00021588383671155374,0.0025149672448754727,0.009765645366651443,94,1,"[(0.91, 2.0649886621315194)]"
enhanced,union of active frame supports,100.0,200.0,candidate diagnostics only,phone_F1,48.0,1,1,2.4999999999999467,OK,0.0,-4.999999999999893,0.0013320346534705354,0.0025149672448754727,0.010332005721386062,144,1,"[(0.53, 2.745)]"
enhanced,union of active frame supports,100.0,200.0,candidate diagnostics only,phone_M1,48.0,1,1,12.499999999999956,OK,0.0,24.99999999999991,0.00014231010981218006,0.0025149672448754727,0.010086925220600422,256,1,"[(0.46, 3.545)]"
enhanced,union of active frame supports,100.0,200.0,candidate diagnostics only,studio_F1,48.0,1,1,17.494331065759596,OK,-20.000000000000018,14.98866213151917,0.00019365403934932282,0.0025149672448754727,0.011002178790595042,130,1,"[(0.66, 2.164988662131519)]"
enhanced,union of active frame supports,100.0,200.0,candidate diagnostics only,studio_M1,48.0,1,1,22.49433106575971,OK,40.000000000000036,4.9886621315193835,0.00021500268005017887,0.0025149672448754727,0.009725785673593704,94,1,"[(0.91, 2.0649886621315194)]"
enhanced,union of active frame supports,100.0,200.0,candidate diagnostics only,phone_F1,49.0,1,1,2.4999999999999467,OK,0.0,-4.999999999999893,0.001326280826702714,0.0025149672448754727,0.010287375823109688,144,1,"[(0.53, 2.745)]"
enhanced,union of active frame supports,100.0,200.0,candidate diagnostics only,phone_M1,49.0,1,1,12.499999999999956,OK,0.0,24.99999999999991,0.00014177044546740943,0.0025149672448754727,0.010048673870101782,256,1,"[(0.46, 3.545)]"
enhanced,union of active frame supports,100.0,200.0,candidate diagnostics only,studio_F1,49.0,1,1,17.494331065759596,OK,-20.000000000000018,14.98866213151917,0.0001925315004306509,0.0025149672448754727,0.01093840333863893,130,1,"[(0.66, 2.164988662131519)]"
enhanced,union of active frame supports,100.0,200.0,candidate diagnostics only,studio_M1,49.0,1,1,22.49433106575971,OK,40.000000000000036,4.9886621315193835,0.00021415676965525903,0.0025149672448754727,0.009687520368258276,94,1,"[(0.91, 2.0649886621315194)]"
enhanced,union of active frame supports,100.0,200.0,candidate diagnostics only,phone_F1,50.0,1,1,2.4999999999999467,OK,0.0,-4.999999999999893,0.0013207526402002972,0.0025149672448754727,0.010244496116922581,144,1,"[(0.53, 2.745)]"
enhanced,union of active frame supports,100.0,200.0,candidate diagnostics only,phone_M1,50.0,1,1,12.499999999999956,OK,0.0,24.99999999999991,0.00014125194443027688,0.0025149672448754727,0.010011922572563874,257,1,"[(0.46, 3.545)]"
enhanced,union of active frame supports,100.0,200.0,candidate diagnostics only,studio_F1,50.0,1,1,17.494331065759596,OK,-20.000000000000018,14.98866213151917,0.00019145298264604455,0.0025149672448754727,0.010877128884798744,130,1,"[(0.66, 2.164988662131519)]"
enhanced,union of active frame supports,100.0,200.0,candidate diagnostics only,studio_M1,50.0,1,1,22.49433106575971,OK,40.000000000000036,4.9886621315193835,0.00021334403221700274,0.0025149672448754727,0.009650755663132083,94,1,"[(0.91, 2.0649886621315194)]"
