file,center_s,ste_norm,label
phone_F1,0.0125,0.0003291455336763055,silence
phone_F1,0.0225,0.00033276230303013046,silence
phone_F1,0.0325,0.00031704916416164865,silence
phone_F1,0.0425,0.000290278609201704,silence
phone_F1,0.0525,0.00034987645512170166,silence
phone_F1,0.0625,0.0004360688466835184,silence
phone_F1,0.0725,0.0004508470556946183,silence
phone_F1,0.0825,0.0005097865733082715,silence
phone_F1,0.0925,0.0005202432352475235,silence
phone_F1,0.1025,0.0005548615194445797,silence
phone_F1,0.1125,0.0004930165116679877,silence
phone_F1,0.1225,0.0004758491377971721,silence
phone_F1,0.1325,0.0005247706622933743,silence
phone_F1,0.1425,0.0005448446640848797,silence
phone_F1,0.1525,0.0005228609268783824,silence
phone_F1,0.1625,0.0004407256349797009,silence
phone_F1,0.1725,0.0004249389030503366,silence
phone_F1,0.1825,0.00034990152191151884,silence
phone_F1,0.1925,0.0002944181511526746,silence
phone_F1,0.2025,0.00030002258329761604,silence
phone_F1,0.2125,0.0003900853738935118,silence
phone_F1,0.2225,0.00047243369738634574,silence
phone_F1,0.2325,0.00039976064909283556,silence
phone_F1,0.2425,0.00042782841042581985,silence
phone_F1,0.2525,0.00038761492256335854,silence
phone_F1,0.2625,0.0004683345729250083,silence
phone_F1,0.2725,0.0003845770732487122,silence
phone_F1,0.2825,0.00039202669563083084,silence
phone_F1,0.2925,0.0005137919140235566,silence
phone_F1,0.3025,0.0005084878499248972,silence
phone_F1,0.3125,0.000492585391778567,silence
phone_F1,0.3225,0.0004454902213078855,silence
phone_F1,0.3325,0.0005116152209089411,silence
phone_F1,0.3425,0.0004954104803937636,silence
phone_F1,0.3525,0.00047702306902086577,silence
phone_F1,0.3625,0.0004778343805956118,silence
phone_F1,0.3725,0.00039246104819703635,silence
phone_F1,0.3825,0.0004159306428474884,silence
phone_F1,0.3925,0.0004405478016372443,silence
phone_F1,0.4025,0.0004446779164525632,silence
phone_F1,0.4125,0.0003705204735464924,silence
phone_F1,0.4225,0.0003393403126766965,silence
phone_F1,0.4325,0.000326627802190719,silence
phone_F1,0.4425,0.0003586737244704906,silence
phone_F1,0.4525,0.0003450358557399576,silence
phone_F1,0.4625,0.0003881853003895807,silence
phone_F1,0.4725,0.00047842948207836106,silence
phone_F1,0.4825,0.0004709762297072271,silence
phone_F1,0.4925,0.0005655913877212629,silence
phone_F1,0.5025,0.0004687417096034224,silence
phone_F1,0.5125,0.00042919315987804984,silence
phone_F1,0.5225,0.0005275394409297163,silence
phone_F1,0.5325,0.0007323876853681168,speech
phone_F1,0.5425,0.0065256358941583855,speech
phone_F1,0.5525,0.05412408693231357,speech
phone_F1,0.5625,0.10472107759227889,speech
phone_F1,0.5725,0.13706290053961245,speech
phone_F1,0.5825,0.14583954147351147,speech
phone_F1,0.5925,0.15100704513257973,speech
phone_F1,0.6025,0.14836735694216502,speech
phone_F1,0.6125,0.1596539978643005,speech
phone_F1,0.6225,0.20769727431204402,speech
phone_F1,0.6325,0.30886710695848363,speech
phone_F1,0.6425,0.48431172667366085,speech
phone_F1,0.6525,0.8303355400173992,speech
phone_F1,0.6625,0.8698558587764103,speech
phone_F1,0.6725,0.6392859547090843,speech
phone_F1,0.6825,0.4930097708867442,speech
phone_F1,0.6925,0.5243485829186856,speech
phone_F1,0.7025,0.513772135549826,speech
phone_F1,0.7125,0.5110444652026684,speech
phone_F1,0.7225,0.5225955423726548,speech
phone_F1,0.7325,0.45907690087242614,speech
phone_F1,0.7425,0.31811648714093393,speech
phone_F1,0.7525,0.273595528238507,speech
phone_F1,0.7625,0.3033864675523666,speech
phone_F1,0.7725,0.2496266960698392,speech
phone_F1,0.7825,0.17266150206237554,speech
phone_F1,0.7925,0.1065577872901936,speech
phone_F1,0.8025,0.13608603424988036,speech
phone_F1,0.8125,0.3177317467542988,speech
phone_F1,0.8225,0.549667478651487,speech
phone_F1,0.8325,0.6836590820740872,speech
phone_F1,0.8425,0.6821194604113353,speech
phone_F1,0.8525,0.6318180748547517,speech
phone_F1,0.8625,0.5991261317012431,speech
phone_F1,0.8725,0.46421762171403425,speech
phone_F1,0.8825,0.36070512389761417,speech
phone_F1,0.8925,0.4038297689318354,speech
phone_F1,0.9025,0.4880856868504683,speech
phone_F1,0.9125,0.5851916086199065,speech
phone_F1,0.9225,0.6559746688915032,speech
phone_F1,0.9325,0.5928603765451389,speech
phone_F1,0.9425,0.4956381155420825,speech
phone_F1,0.9525,0.37766498433548934,speech
phone_F1,0.9625,0.23622570313936356,speech
phone_F1,0.9725,0.10245168490638995,speech
phone_F1,0.9825,0.03505700096721944,speech
phone_F1,0.9925,0.05426979772540892,speech
phone_F1,1.0025,0.2360645010340419,speech
phone_F1,1.0125,0.7355604953627177,speech
phone_F1,1.0225,1.0,speech
phone_F1,1.0325,0.8614509575589353,speech
phone_F1,1.0425,0.42070011178179323,speech
phone_F1,1.0525,0.27204379532509154,speech
phone_F1,1.0625,0.1879521099024608,speech
phone_F1,1.0725,0.15354557457702073,speech
phone_F1,1.0825,0.19235067622109198,speech
phone_F1,1.0925,0.2612187472013569,speech
phone_F1,1.1025,0.2966077483003308,speech
phone_F1,1.1125,0.2631133500951262,speech
phone_F1,1.1225,0.17258226518125824,speech
phone_F1,1.1325,0.0680637372196273,speech
phone_F1,1.1425,0.009873236885049288,speech
phone_F1,1.1525,0.0019130180628193624,speech
phone_F1,1.1625,0.0022440027909300937,speech
phone_F1,1.1725,0.004484425491649099,speech
phone_F1,1.1825,0.006861913958937552,speech
phone_F1,1.1925,0.008873184555181822,speech
phone_F1,1.2025,0.007482511021699031,speech
phone_F1,1.2125,0.04743698192095495,speech
phone_F1,1.2225,0.25207102067144244,speech
phone_F1,1.2325,0.37152555518099145,speech
phone_F1,1.2425,0.33400655723639333,speech
phone_F1,1.2525,0.3126845096338301,speech
phone_F1,1.2625,0.2615394119971146,speech
phone_F1,1.2725,0.18950462236053223,speech
phone_F1,1.2825,0.10304793518133455,speech
phone_F1,1.2925,0.04182814954306034,speech
phone_F1,1.3025,0.019356343210968664,speech
phone_F1,1.3125,0.022310216504211947,speech
phone_F1,1.3225,0.022989998713843784,speech
phone_F1,1.3325,0.01968345746780673,speech
phone_F1,1.3425,0.00995449899302314,speech
phone_F1,1.3525,0.0024203055602572358,speech
phone_F1,1.3625,0.0007848169170108628,speech
phone_F1,1.3725,0.0007035003411421327,speech
phone_F1,1.3825,0.0008359015357076082,speech
phone_F1,1.3925,0.0010393086383876354,speech
phone_F1,1.4025,0.0020515410622925193,speech
phone_F1,1.4125,0.004355776911100996,speech
phone_F1,1.4225,0.007106854998618566,speech
phone_F1,1.4325,0.009201641402285441,speech
phone_F1,1.4425,0.008911328967365201,speech
phone_F1,1.4525,0.0874824490236538,speech
phone_F1,1.4625,0.2594691752633373,speech
phone_F1,1.4725,0.5140558111728896,speech
phone_F1,1.4825,0.6487408636054064,speech
phone_F1,1.4925,0.7100280362694626,speech
phone_F1,1.5025,0.7438874540339645,speech
phone_F1,1.5125,0.7873917305613256,speech
phone_F1,1.5225,0.8217732414829396,speech
phone_F1,1.5325,0.7808682022279537,speech
phone_F1,1.5425,0.688295120955746,speech
phone_F1,1.5525,0.5914386556072502,speech
phone_F1,1.5625,0.4802115562698169,speech
phone_F1,1.5725,0.33068069464240657,speech
phone_F1,1.5825,0.20334778015342336,speech
phone_F1,1.5925,0.09943087398361665,speech
phone_F1,1.6025,0.04359953473522029,speech
phone_F1,1.6125,0.020964680529661068,speech
phone_F1,1.6225,0.0180412108866523,speech
phone_F1,1.6325,0.006343740431456749,speech
phone_F1,1.6425,0.00634448297189632,speech
phone_F1,1.6525,0.00867647985699581,speech
phone_F1,1.6625,0.008259570796661344,speech
phone_F1,1.6725,0.004712598727145685,speech
phone_F1,1.6825,0.0020404832669484725,speech
phone_F1,1.6925,0.0017085665165835011,speech
phone_F1,1.7025,0.0007862468437285469,speech
phone_F1,1.7125,0.0006649419657338328,speech
phone_F1,1.7225,0.0005264435815593222,speech
phone_F1,1.7325,0.0005787292028903778,speech
phone_F1,1.7425,0.0004998798276153693,speech
phone_F1,1.7525,0.00046749687620622566,speech
phone_F1,1.7625,0.00068252444058732,speech
phone_F1,1.7725,0.0011798466790765216,speech
phone_F1,1.7825,0.0016748237460057155,speech
phone_F1,1.7925,0.0010802256759121344,speech
phone_F1,1.8025,0.0009215913453574489,speech
phone_F1,1.8125,0.0003544153139240036,speech
phone_F1,1.8225,0.0009915012676840788,speech
phone_F1,1.8325,0.006914061604566732,speech
phone_F1,1.8425,0.008449082138853928,speech
phone_F1,1.8525,0.005720215647107067,speech
phone_F1,1.8625,0.0039867679216373285,speech
phone_F1,1.8725,0.0029725765136605136,speech
phone_F1,1.8825,0.0030051969494256344,speech
phone_F1,1.8925,0.003692226134142371,speech
phone_F1,1.9025,0.0049582146377695506,speech
phone_F1,1.9125,0.019241935023148696,speech
phone_F1,1.9225,0.07010580301730927,speech
phone_F1,1.9325,0.13280186733509172,speech
phone_F1,1.9425,0.15633697649684297,speech
phone_F1,1.9525,0.1365714357669801,speech
phone_F1,1.9625,0.12290358668627496,speech
phone_F1,1.9725,0.11985676311774075,speech
phone_F1,1.9825,0.11126398320432675,speech
phone_F1,1.9925,0.1004744806373563,speech
phone_F1,2.0025,0.08980563858018122,speech
phone_F1,2.0125,0.08093557083109004,speech
phone_F1,2.0225,0.06202341211090291,speech
phone_F1,2.0325,0.03608024396049188,speech
phone_F1,2.0425,0.009407667442711959,speech
phone_F1,2.0525,0.007775261256107933,speech
phone_F1,2.0625,0.007612876785707492,speech
phone_F1,2.0725,0.011876447966577925,speech
phone_F1,2.0825,0.03314549875891744,speech
phone_F1,2.0925,0.058802460533773956,speech
phone_F1,2.1025,0.07664237303435013,speech
phone_F1,2.1125,0.08775769933385494,speech
phone_F1,2.1225,0.09660618901958665,speech
phone_F1,2.1325,0.10917626567150761,speech
phone_F1,2.1425,0.1286068448487268,speech
phone_F1,2.1525,0.15834400108951813,speech
phone_F1,2.1625,0.17872921144703852,speech
phone_F1,2.1725,0.16310792677776154,speech
phone_F1,2.1825,0.11222374269224353,speech
phone_F1,2.1925,0.049409769883949774,speech
phone_F1,2.2025,0.00985572744340763,speech
phone_F1,2.2125,0.000995121450311157,speech
phone_F1,2.2225,0.0004187692400785231,speech
phone_F1,2.2325,0.00041191567634043635,speech
phone_F1,2.2425,0.00042294269804626363,speech
phone_F1,2.2525,0.000546202279976607,speech
phone_F1,2.2625,0.0009219705618218447,speech
phone_F1,2.2725,0.005530288282889821,speech
phone_F1,2.2825,0.06893916124498989,speech
phone_F1,2.2925,0.14224306588932048,speech
phone_F1,2.3025,0.20617555626078585,speech
phone_F1,2.3125,0.23109813537332616,speech
phone_F1,2.3225,0.23060016788171492,speech
phone_F1,2.3325,0.14292735273472384,speech
phone_F1,2.3425,0.05917379921768029,speech
phone_F1,2.3525,0.001640132175761773,speech
phone_F1,2.3625,0.0004921625793266938,speech
phone_F1,2.3725,0.0004940448279591915,speech
phone_F1,2.3825,0.00044148246059992353,speech
phone_F1,2.3925,0.0003725710561472077,speech
phone_F1,2.4025,0.01263012649468214,speech
phone_F1,2.4125,0.08704578989741325,speech
phone_F1,2.4225,0.1068318519665199,speech
phone_F1,2.4325,0.0626489025433342,speech
phone_F1,2.4425,0.022788844967479217,speech
phone_F1,2.4525,0.019495220432354986,speech
phone_F1,2.4625,0.02889614593800599,speech
phone_F1,2.4725,0.04844109926061087,speech
phone_F1,2.4825,0.050580134869181476,speech
phone_F1,2.4925,0.03924217406532981,speech
phone_F1,2.5025,0.023059221520787,speech
phone_F1,2.5125,0.013400804026569657,speech
phone_F1,2.5225,0.0031602719222438066,speech
phone_F1,2.5325,0.0007019561690985239,speech
phone_F1,2.5425,0.0005292065269297342,speech
phone_F1,2.5525,0.0004383266817913966,speech
phone_F1,2.5625,0.0008383412675784825,speech
phone_F1,2.5725,0.0013000744616739107,speech
phone_F1,2.5825,0.001635459982586834,speech
phone_F1,2.5925,0.0013965905961742199,speech
phone_F1,2.6025,0.0009732760861187658,speech
phone_F1,2.6125,0.0008700227642446223,speech
phone_F1,2.6225,0.00103531525315856,speech
phone_F1,2.6325,0.0012862201480759723,speech
phone_F1,2.6425,0.0020123694354563936,speech
phone_F1,2.6525,0.01612273528885541,speech
phone_F1,2.6625,0.07298252360297909,speech
phone_F1,2.6725,0.1523685459252375,speech
phone_F1,2.6825,0.18973379124241888,speech
phone_F1,2.6925,0.19711823021880354,speech
phone_F1,2.7025,0.17813970995376102,speech
phone_F1,2.7125,0.14701045361186355,speech
phone_F1,2.7225,0.08704960649675939,speech
phone_F1,2.7325,0.03328428096850172,speech
phone_F1,2.7425,0.0023177104763912023,speech
phone_F1,2.7525,0.0005291990321762947,silence
phone_F1,2.7625,0.0005164390428787686,silence
phone_F1,2.7725,0.0006144519247900784,silence
phone_F1,2.7825,0.0006914003777577542,silence
phone_F1,2.7925,0.0008691946933176066,silence
phone_F1,2.8025,0.0008821033857472325,silence
phone_F1,2.8125,0.0009981353705937372,silence
phone_F1,2.8225,0.0011502210023086816,silence
phone_F1,2.8325,0.0015151869063951642,silence
phone_F1,2.8425,0.0014038041970317557,silence
phone_F1,2.8525,0.0013161964528872567,silence
phone_F1,2.8625,0.0010635476823514529,silence
phone_F1,2.8725,0.001002051605011502,silence
phone_F1,2.8825,0.0008669789913658115,silence
phone_F1,2.8925,0.000850899350024311,silence
phone_F1,2.9025,0.0008406649481587479,silence
phone_F1,2.9125,0.0006831395882780643,silence
phone_F1,2.9225,0.0006850135114133677,silence
phone_F1,2.9325,0.0008536789644487586,silence
phone_F1,2.9425,0.001003846751967279,silence
phone_F1,2.9525,0.0009718962026824819,silence
phone_F1,2.9625,0.0008568592321384037,silence
phone_F1,2.9725,0.0006896731170144576,silence
phone_F1,2.9825,0.0007272981337546508,silence
phone_F1,2.9925,0.0006121680115521598,silence
phone_F1,3.0025,0.0006090311953728173,silence
phone_F1,3.0125,0.0005593524298845152,silence
phone_F1,3.0225,0.0005360944220564682,silence
phone_F1,3.0325,0.0005675041210376305,silence
phone_F1,3.0425,0.0007195014049602221,silence
phone_F1,3.0525,0.000776239361325558,silence
phone_F1,3.0625,0.0007871115757386526,silence
phone_F1,3.0725,0.0009845546967647539,silence
phone_F1,3.0825,0.0011142368309016441,silence
phone_F1,3.0925,0.0010878609334041456,silence
phone_F1,3.1025,0.0010814382908993644,silence
phone_F1,3.1125,0.0010826404674107195,silence
phone_F1,3.1225,0.001094307486881346,silence
phone_F1,3.1325,0.001044484478993714,silence
phone_F1,3.1425,0.0011475836076031175,silence
phone_F1,3.1525,0.0012839858808072232,silence
phone_F1,3.1625,0.001766643794418313,silence
phone_F1,3.1725,0.0021936197533938802,silence
phone_F1,3.1825,0.0020134490050253357,silence
phone_F1,3.1925,0.0014709403743191616,silence
phone_F1,3.2025,0.0013727282583838871,silence
phone_F1,3.2125,0.001409641309666614,silence
phone_F1,3.2225,0.0013434640454475966,silence
phone_M1,0.0125,0.00036948987147799206,silence
phone_M1,0.0225,0.0003647069688626397,silence
phone_M1,0.0325,0.00042767090630089057,silence
phone_M1,0.0425,0.0005662014704715748,silence
phone_M1,0.0525,0.0005149904822969203,silence
phone_M1,0.0625,0.000510570810951197,silence
phone_M1,0.0725,0.0005570789361133025,silence
phone_M1,0.0825,0.0006758816360392197,silence
phone_M1,0.0925,0.0007461839673287187,silence
phone_M1,0.1025,0.0007082078987953386,silence
phone_M1,0.1125,0.0007211167189414802,silence
phone_M1,0.1225,0.0006833200381364448,silence
phone_M1,0.1325,0.0005344069347262442,silence
phone_M1,0.1425,0.0005143496703841671,silence
phone_M1,0.1525,0.0005827008506964626,silence
phone_M1,0.1625,0.0007659539142512483,silence
phone_M1,0.1725,0.0008205044517090533,silence
phone_M1,0.1825,0.0006602732533721364,silence
phone_M1,0.1925,0.000800313843039007,silence
phone_M1,0.2025,0.0006153756570425208,silence
phone_M1,0.2125,0.0007657928448649884,silence
phone_M1,0.2225,0.0005824739342967625,silence
phone_M1,0.2325,0.0006806637135040278,silence
phone_M1,0.2425,0.0007644145133956825,silence
phone_M1,0.2525,0.000916854970352931,silence
phone_M1,0.2625,0.0007983511399541823,silence
phone_M1,0.2725,0.0008209558090568205,silence
phone_M1,0.2825,0.0007677238621689094,silence
phone_M1,0.2925,0.0007880408839023523,silence
phone_M1,0.3025,0.0006271531957923392,silence
phone_M1,0.3125,0.0005637456574214382,silence
phone_M1,0.3225,0.0006867756035861329,silence
phone_M1,0.3325,0.0007810238036730796,silence
phone_M1,0.3425,0.0008468934262382544,silence
phone_M1,0.3525,0.0007974700442029103,silence
phone_M1,0.3625,0.0006911116046666577,silence
phone_M1,0.3725,0.0007641527756430101,silence
phone_M1,0.3825,0.0007349442617037168,silence
phone_M1,0.3925,0.0007626082588540694,silence
phone_M1,0.4025,0.0009413408176666105,silence
phone_M1,0.4125,0.0010395093079898312,silence
phone_M1,0.4225,0.0007217235346518055,silence
phone_M1,0.4325,0.0006742940463918631,silence
phone_M1,0.4425,0.0009260489627483452,silence
phone_M1,0.4525,0.001025308632151433,silence
phone_M1,0.4625,0.002001288114459688,speech
phone_M1,0.4725,0.02180656748820858,speech
phone_M1,0.4825,0.06298590245065148,speech
phone_M1,0.4925,0.1077655573724793,speech
phone_M1,0.5025,0.17062154696621532,speech
phone_M1,0.5125,0.18165030285455047,speech
phone_M1,0.5225,0.2177654270234478,speech
phone_M1,0.5325,0.26023399221414517,speech
phone_M1,0.5425,0.23524362854911865,speech
phone_M1,0.5525,0.27988424444901033,speech
phone_M1,0.5625,0.32877306211090424,speech
phone_M1,0.5725,0.341209824027512,speech
phone_M1,0.5825,0.4268494418690382,speech
phone_M1,0.5925,0.5193803183443507,speech
phone_M1,0.6025,0.5363372721061167,speech
phone_M1,0.6125,0.7404360787117606,speech
phone_M1,0.6225,0.7625127011400685,speech
phone_M1,0.6325,0.8571683245892584,speech
phone_M1,0.6425,1.0,speech
phone_M1,0.6525,0.7782250798406797,speech
phone_M1,0.6625,0.7446543053949678,speech
phone_M1,0.6725,0.7291551868525477,speech
phone_M1,0.6825,0.7130745503952514,speech
phone_M1,0.6925,0.7334464114688427,speech
phone_M1,0.7025,0.8000822746055678,speech
phone_M1,0.7125,0.6942114020033303,speech
phone_M1,0.7225,0.5613957882552044,speech
phone_M1,0.7325,0.4563939338407512,speech
phone_M1,0.7425,0.39748752930797554,speech
phone_M1,0.7525,0.33673183797257766,speech
phone_M1,0.7625,0.2855676520067393,speech
phone_M1,0.7725,0.24443074480001659,speech
phone_M1,0.7825,0.189283424637355,speech
phone_M1,0.7925,0.1411219768502579,speech
phone_M1,0.8025,0.1134397689574515,speech
phone_M1,0.8125,0.07849598130272238,speech
phone_M1,0.8225,0.05533959789772006,speech
phone_M1,0.8325,0.05043352869127286,speech
phone_M1,0.8425,0.052131935231587045,speech
phone_M1,0.8525,0.06433017401590753,speech
phone_M1,0.8625,0.08083233582328038,speech
phone_M1,0.8725,0.08206265591369094,speech
phone_M1,0.8825,0.08208989066752811,speech
phone_M1,0.8925,0.08665197524079352,speech
phone_M1,0.9025,0.14148791147810044,speech
phone_M1,0.9125,0.325143660875794,speech
phone_M1,0.9225,0.4902110632526271,speech
phone_M1,0.9325,0.5987101362211575,speech
phone_M1,0.9425,0.46528044395264484,speech
phone_M1,0.9525,0.494177456465146,speech
phone_M1,0.9625,0.5424025731983064,speech
phone_M1,0.9725,0.4048436001943055,speech
phone_M1,0.9825,0.3088781530696953,speech
phone_M1,0.9925,0.14793547857770686,speech
phone_M1,1.0025,0.10113843454387729,speech
phone_M1,1.0125,0.08726977700546658,speech
phone_M1,1.0225,0.1032824166020943,speech
phone_M1,1.0325,0.1197835263425231,speech
phone_M1,1.0425,0.12389794694185788,speech
phone_M1,1.0525,0.1255793558760485,speech
phone_M1,1.0625,0.12904973574854997,speech
phone_M1,1.0725,0.13870726933460925,speech
phone_M1,1.0825,0.13532019204022372,speech
phone_M1,1.0925,0.11838370712789142,speech
phone_M1,1.1025,0.08034679100318921,speech
phone_M1,1.1125,0.047866059900135316,speech
phone_M1,1.1225,0.02368302996388893,speech
phone_M1,1.1325,0.03943168690327335,speech
phone_M1,1.1425,0.1289664701371784,speech
phone_M1,1.1525,0.27604251861139634,speech
phone_M1,1.1625,0.4980441155466988,speech
phone_M1,1.1725,0.582564140744453,speech
phone_M1,1.1825,0.5426728763436894,speech
phone_M1,1.1925,0.42694662331428024,speech
phone_M1,1.2025,0.3899044152788218,speech
phone_M1,1.2125,0.2940476607796078,speech
phone_M1,1.2225,0.1668835174674514,speech
phone_M1,1.2325,0.06731290064364688,speech
phone_M1,1.2425,0.08301192411766736,speech
phone_M1,1.2525,0.1088446534428651,speech
phone_M1,1.2625,0.09894232954110399,speech
phone_M1,1.2725,0.0886144834250595,speech
phone_M1,1.2825,0.08429336707017444,speech
phone_M1,1.2925,0.06883007837972172,speech
phone_M1,1.3025,0.04104288146722249,speech
phone_M1,1.3125,0.031951212690212685,speech
phone_M1,1.3225,0.023303720635902893,speech
phone_M1,1.3325,0.02075299084870832,speech
phone_M1,1.3425,0.01792833468009042,speech
phone_M1,1.3525,0.015045530812731607,speech
phone_M1,1.3625,0.010993201636649469,speech
phone_M1,1.3725,0.007788175161475587,speech
phone_M1,1.3825,0.009669350897065344,speech
phone_M1,1.3925,0.008822604017563768,speech
phone_M1,1.4025,0.005029551170080099,speech
phone_M1,1.4125,0.005068448931771534,speech
phone_M1,1.4225,0.01082353302650655,speech
phone_M1,1.4325,0.011449541243403529,speech
phone_M1,1.4425,0.009736146008481078,speech
phone_M1,1.4525,0.008516734738327232,speech
phone_M1,1.4625,0.007551169316009288,speech
phone_M1,1.4725,0.00745223310561959,speech
phone_M1,1.4825,0.0069252132486267125,speech
phone_M1,1.4925,0.012699746801812826,speech
phone_M1,1.5025,0.0803457249086859,speech
phone_M1,1.5125,0.1896508737465067,speech
phone_M1,1.5225,0.32987618177926875,speech
phone_M1,1.5325,0.45526320793577446,speech
phone_M1,1.5425,0.5448441659340217,speech
phone_M1,1.5525,0.5030203448284817,speech
phone_M1,1.5625,0.3506137705329461,speech
phone_M1,1.5725,0.21958884750189556,speech
phone_M1,1.5825,0.15239623515921466,speech
phone_M1,1.5925,0.0904102938712025,speech
phone_M1,1.6025,0.047190028416757235,speech
phone_M1,1.6125,0.03961514443913303,speech
phone_M1,1.6225,0.04146918410889072,speech
phone_M1,1.6325,0.04140969867608729,speech
phone_M1,1.6425,0.04161530176728673,speech
phone_M1,1.6525,0.0395500158017567,speech
phone_M1,1.6625,0.03327686819906744,speech
phone_M1,1.6725,0.025810391179720928,speech
phone_M1,1.6825,0.016300634299742142,speech
phone_M1,1.6925,0.01143478854185095,speech
phone_M1,1.7025,0.004092060669883601,speech
phone_M1,1.7125,0.003342573459895683,speech
phone_M1,1.7225,0.002649980214911565,speech
phone_M1,1.7325,0.003735872555240976,speech
phone_M1,1.7425,0.005043179356470817,speech
phone_M1,1.7525,0.0062468078071325,speech
phone_M1,1.7625,0.007755373116915588,speech
phone_M1,1.7725,0.010598697161388967,speech
phone_M1,1.7825,0.013656979028783238,speech
phone_M1,1.7925,0.047001138584803794,speech
phone_M1,1.8025,0.16544039550746226,speech
phone_M1,1.8125,0.33546395966986936,speech
phone_M1,1.8225,0.5989346740418985,speech
phone_M1,1.8325,0.8474303383300332,speech
phone_M1,1.8425,0.9818000076073929,speech
phone_M1,1.8525,0.9986536086229955,speech
phone_M1,1.8625,0.925913514616548,speech
phone_M1,1.8725,0.7666929476289897,speech
phone_M1,1.8825,0.7108199205999384,speech
phone_M1,1.8925,0.6341929018145686,speech
phone_M1,1.9025,0.593194935106807,speech
phone_M1,1.9125,0.5724791709249076,speech
phone_M1,1.9225,0.5309931044009093,speech
phone_M1,1.9325,0.42146304147369934,speech
phone_M1,1.9425,0.29680824334833544,speech
phone_M1,1.9525,0.2372264334564147,speech
phone_M1,1.9625,0.19788086636024585,speech
phone_M1,1.9725,0.11993602505510877,speech
phone_M1,1.9825,0.08296405581434793,speech
phone_M1,1.9925,0.058334263298625594,speech
phone_M1,2.0025,0.08288200416445723,speech
phone_M1,2.0125,0.06413887325909357,speech
phone_M1,2.0225,0.045652372259502486,speech
phone_M1,2.0325,0.04335833723491328,speech
phone_M1,2.0425,0.04218725569226328,speech
phone_M1,2.0525,0.039736925932524106,speech
phone_M1,2.0625,0.027537083550635697,speech
phone_M1,2.0725,0.016589819365031854,speech
phone_M1,2.0825,0.010630876217287972,speech
phone_M1,2.0925,0.010013118515653981,speech
phone_M1,2.1025,0.009436495393807087,speech
phone_M1,2.1125,0.007952919933290175,speech
phone_M1,2.1225,0.007241638018656863,speech
phone_M1,2.1325,0.006102500529030832,speech
phone_M1,2.1425,0.007458843551660601,speech
phone_M1,2.1525,0.021503611485483975,speech
phone_M1,2.1625,0.05479666534253934,speech
phone_M1,2.1725,0.1137106779283642,speech
phone_M1,2.1825,0.16266252421949903,speech
phone_M1,2.1925,0.207349751553401,speech
phone_M1,2.2025,0.23500820880802872,speech
phone_M1,2.2125,0.23099018939158125,speech
phone_M1,2.2225,0.21909328700449687,speech
phone_M1,2.2325,0.18476928807695164,speech
phone_M1,2.2425,0.13901564690647056,speech
phone_M1,2.2525,0.12370453115916859,speech
phone_M1,2.2625,0.13774267329915083,speech
phone_M1,2.2725,0.15225468190356986,speech
phone_M1,2.2825,0.1589792761353152,speech
phone_M1,2.2925,0.14097046270730176,speech
phone_M1,2.3025,0.12420797762031975,speech
phone_M1,2.3125,0.09787518858186514,speech
phone_M1,2.3225,0.080827399772724,speech
phone_M1,2.3325,0.06500015467034378,speech
phone_M1,2.3425,0.07369626492478773,speech
phone_M1,2.3525,0.0756623121797385,speech
phone_M1,2.3625,0.07521185606139585,speech
phone_M1,2.3725,0.07267432043140568,speech
phone_M1,2.3825,0.06939480233562856,speech
phone_M1,2.3925,0.0567791284724799,speech
phone_M1,2.4025,0.03373074093575407,speech
phone_M1,2.4125,0.011363298323837786,speech
phone_M1,2.4225,0.01210925009380332,speech
phone_M1,2.4325,0.01569391595718098,speech
phone_M1,2.4425,0.019279661447530887,speech
phone_M1,2.4525,0.019413720685931772,speech
phone_M1,2.4625,0.02547702887452683,speech
phone_M1,2.4725,0.03044747055039151,speech
phone_M1,2.4825,0.03362052689778422,speech
phone_M1,2.4925,0.09336186000887481,speech
phone_M1,2.5025,0.17588493672391223,speech
phone_M1,2.5125,0.23615577372519445,speech
phone_M1,2.5225,0.24468485403590626,speech
phone_M1,2.5325,0.24421431457846432,speech
phone_M1,2.5425,0.24131946268800727,speech
phone_M1,2.5525,0.21640960896159436,speech
phone_M1,2.5625,0.1895995652255377,speech
phone_M1,2.5725,0.1470325318498394,speech
phone_M1,2.5825,0.13752189998022338,speech
phone_M1,2.5925,0.1530971578038538,speech
phone_M1,2.6025,0.15646487673640833,speech
phone_M1,2.6125,0.1430234323107765,speech
phone_M1,2.6225,0.13514281668902656,speech
phone_M1,2.6325,0.12821878159034708,speech
phone_M1,2.6425,0.11548074895848652,speech
phone_M1,2.6525,0.10261560766132048,speech
phone_M1,2.6625,0.08989257676144678,speech
phone_M1,2.6725,0.07469781912306801,speech
phone_M1,2.6825,0.06384857622093026,speech
phone_M1,2.6925,0.05510880296040119,speech
phone_M1,2.7025,0.0390707535128802,speech
phone_M1,2.7125,0.03126978785784653,speech
phone_M1,2.7225,0.020908687679773847,speech
phone_M1,2.7325,0.012991622352967492,speech
phone_M1,2.7425,0.015219569915247805,speech
phone_M1,2.7525,0.012627199896012548,speech
phone_M1,2.7625,0.007634967149481971,speech
phone_M1,2.7725,0.0033298651513318216,speech
phone_M1,2.7825,0.003932591580589458,speech
phone_M1,2.7925,0.003329231270683641,speech
phone_M1,2.8025,0.0036945293773962633,speech
phone_M1,2.8125,0.0011022880816459267,speech
phone_M1,2.8225,0.0008047718013699887,speech
phone_M1,2.8325,0.019865411394518886,speech
phone_M1,2.8425,0.15822426734794462,speech
phone_M1,2.8525,0.17095669489718743,speech
phone_M1,2.8625,0.2213369269497697,speech
phone_M1,2.8725,0.2729450622268181,speech
phone_M1,2.8825,0.5669276645068458,speech
phone_M1,2.8925,0.5995598968805074,speech
phone_M1,2.9025,0.6601574804599792,speech
phone_M1,2.9125,0.8636153092976105,speech
phone_M1,2.9225,0.4749624231186712,speech
phone_M1,2.9325,0.26026872263552736,speech
phone_M1,2.9425,0.009572637972302381,speech
phone_M1,2.9525,0.004997579391997839,speech
phone_M1,2.9625,0.005126364433149256,speech
phone_M1,2.9725,0.004531762436151429,speech
phone_M1,2.9825,0.0034105015030088284,speech
phone_M1,2.9925,0.003302874807085888,speech
phone_M1,3.0025,0.0029593279987829226,speech
phone_M1,3.0125,0.004334152083184925,speech
phone_M1,3.0225,0.00477448393440843,speech
phone_M1,3.0325,0.0043509990168190986,speech
phone_M1,3.0425,0.003822224889768902,speech
phone_M1,3.0525,0.0027196706145573633,speech
phone_M1,3.0625,0.0018685646297600213,speech
phone_M1,3.0725,0.0013631394576034792,speech
phone_M1,3.0825,0.0013614545001918875,speech
phone_M1,3.0925,0.003088974002012329,speech
phone_M1,3.1025,0.007669625452706572,speech
phone_M1,3.1125,0.01113362724156034,speech
phone_M1,3.1225,0.019830870427701694,speech
phone_M1,3.1325,0.025936801272575555,speech
phone_M1,3.1425,0.03133022171868566,speech
phone_M1,3.1525,0.032516551713335284,speech
phone_M1,3.1625,0.034377870861195356,speech
phone_M1,3.1725,0.036406421124490294,speech
phone_M1,3.1825,0.06993635507406899,speech
phone_M1,3.1925,0.12095114720379004,speech
phone_M1,3.2025,0.1376999331414345,speech
phone_M1,3.2125,0.14276559818029946,speech
phone_M1,3.2225,0.1522105553279089,speech
phone_M1,3.2325,0.16055458358184907,speech
phone_M1,3.2425,0.18783612758064153,speech
phone_M1,3.2525,0.19609303990574,speech
phone_M1,3.2625,0.15910491751792272,speech
phone_M1,3.2725,0.10317973767386548,speech
phone_M1,3.2825,0.0467278936127,speech
phone_M1,3.2925,0.014575556088322256,speech
phone_M1,3.3025,0.0044487019572051895,speech
phone_M1,3.3125,0.0029733443359897097,speech
phone_M1,3.3225,0.002474488847437286,speech
phone_M1,3.3325,0.010532568606582972,speech
phone_M1,3.3425,0.04400863227281264,speech
phone_M1,3.3525,0.11637725868695739,speech
phone_M1,3.3625,0.18481489068190637,speech
phone_M1,3.3725,0.2925285393189107,speech
phone_M1,3.3825,0.4097557928429424,speech
phone_M1,3.3925,0.5391036563083217,speech
phone_M1,3.4025,0.8581246022820791,speech
phone_M1,3.4125,0.9176792239586533,speech
phone_M1,3.4225,0.6672252863238765,speech
phone_M1,3.4325,0.20523913429241522,speech
phone_M1,3.4425,0.06133325677916643,speech
phone_M1,3.4525,0.06724120842878045,speech
phone_M1,3.4625,0.12898225955787493,speech
phone_M1,3.4725,0.15690189890879838,speech
phone_M1,3.4825,0.17003908260366488,speech
phone_M1,3.4925,0.15417532871544928,speech
phone_M1,3.5025,0.10770851058959467,speech
phone_M1,3.5125,0.05003162327574985,speech
phone_M1,3.5225,0.011368689197374226,silence
phone_M1,3.5325,0.002798877145371096,silence
phone_M1,3.5425,0.002463060182337625,silence
phone_M1,3.5525,0.0018134216342113626,silence
phone_M1,3.5625,0.0018020886865748478,silence
phone_M1,3.5725,0.0019583974492840754,silence
phone_M1,3.5825,0.0018230178049821,silence
phone_M1,3.5925,0.001297936226617933,silence
phone_M1,3.6025,0.001279678450583005,silence
phone_M1,3.6125,0.001314632487762706,silence
phone_M1,3.6225,0.001037682424684609,silence
phone_M1,3.6325,0.0012140144555334857,silence
phone_M1,3.6425,0.0011433581346604546,silence
phone_M1,3.6525,0.0012307826698057275,silence
phone_M1,3.6625,0.0011733974101678138,silence
phone_M1,3.6725,0.0010990571221744143,silence
phone_M1,3.6825,0.0007986305359285041,silence
phone_M1,3.6925,0.0009345693022393405,silence
phone_M1,3.7025,0.0008777743553008649,silence
phone_M1,3.7125,0.0009578319463860546,silence
phone_M1,3.7225,0.0011861324536093123,silence
phone_M1,3.7325,0.0011337497516616607,silence
phone_M1,3.7425,0.0011929663504177362,silence
phone_M1,3.7525,0.0008173314178057554,silence
phone_M1,3.7625,0.0008895337407387073,silence
phone_M1,3.7725,0.0008007460568941449,silence
phone_M1,3.7825,0.00090379085687434,silence
phone_M1,3.7925,0.0007882846333731575,silence
phone_M1,3.8025,0.0010446179800400984,silence
phone_M1,3.8125,0.0008974875318659422,silence
phone_M1,3.8225,0.0009691130745683835,silence
phone_M1,3.8325,0.0008077078520369452,silence
phone_M1,3.8425,0.0008215098151323066,silence
phone_M1,3.8525,0.0008229838640647588,silence
phone_M1,3.8625,0.000686418643460641,silence
phone_M1,3.8725,0.0006521767112007264,silence
phone_M1,3.8825,0.0006661559166330172,silence
phone_M1,3.8925,0.0005060808367790939,silence
phone_M1,3.9025,0.0005551748187171278,silence
phone_M1,3.9125,0.0005415314495563931,silence
phone_M1,3.9225,0.0004953796243993442,silence
phone_M1,3.9325,0.00046928803412633197,silence
phone_M1,3.9425,0.0005249191887370363,silence
phone_M1,3.9525,0.0005915231952866952,silence
phone_M1,3.9625,0.0004262488418527334,silence
phone_M1,3.9725,0.0004892881980507392,silence
phone_M1,3.9825,0.0005124236039835123,silence
phone_M1,3.9925,0.0006802758927481765,silence
phone_M1,4.0025,0.0007282978390989725,silence
phone_M1,4.0125,0.0009447483593546166,silence
phone_M1,4.0225,0.0010939306268723888,silence
phone_M1,4.0325,0.0011875464315821347,silence
phone_M1,4.0425,0.0010738928360831586,silence
phone_M1,4.0525,0.0007896667605349674,silence
phone_M1,4.0625,0.0006349926210541252,silence
phone_M1,4.0725,0.0006044237639273932,silence
phone_M1,4.0825,0.0007711054941298225,silence
phone_M1,4.0925,0.0008531247981191835,silence
phone_M1,4.1025,0.000933815939792336,silence
phone_M1,4.1125,0.0009450082817760914,silence
phone_M1,4.1225,0.0009874754796923367,silence
phone_M1,4.1325,0.0008806493448275385,silence
phone_M1,4.1425,0.000692508914598484,silence
studio_F1,0.012494331065759636,1.2341309628520464e-05,silence
studio_F1,0.022494331065759637,2.643331695335781e-06,silence
studio_F1,0.032494331065759635,2.034654313507875e-06,silence
studio_F1,0.04249433106575964,2.1712070053055057e-06,silence
studio_F1,0.05249433106575964,3.135286294547639e-06,silence
studio_F1,0.062494331065759634,7.023917080763641e-06,silence
studio_F1,0.07249433106575964,9.910489260152444e-06,silence
studio_F1,0.08249433106575964,1.1863471235844648e-05,silence
studio_F1,0.09249433106575963,1.0592964633292924e-05,silence
studio_F1,0.10249433106575964,8.437362278069777e-06,silence
studio_F1,0.11249433106575964,5.631262078798002e-06,silence
studio_F1,0.12249433106575963,6.6189644075494294e-06,silence
studio_F1,0.13249433106575964,7.4965219138733735e-06,silence
studio_F1,0.14249433106575965,7.793874522981224e-06,silence
studio_F1,0.15249433106575963,6.648013063856591e-06,silence
studio_F1,0.16249433106575964,4.724127758779494e-06,silence
studio_F1,0.17249433106575965,4.0691645840919135e-06,silence
studio_F1,0.18249433106575963,3.974960511902408e-06,silence
studio_F1,0.19249433106575964,3.515127484706238e-06,silence
studio_F1,0.20249433106575965,3.449203839896763e-06,silence
studio_F1,0.21249433106575963,3.981586486398918e-06,silence
studio_F1,0.22249433106575964,5.932215761001781e-06,silence
studio_F1,0.23249433106575965,2.1380867356845474e-05,silence
studio_F1,0.24249433106575963,4.5894812350073085e-05,silence
studio_F1,0.25249433106575964,5.539396303405454e-05,silence
studio_F1,0.26249433106575965,3.835560571643597e-05,silence
studio_F1,0.27249433106575965,3.512131391890425e-05,silence
studio_F1,0.28249433106575966,6.278365311274868e-05,silence
studio_F1,0.2924943310657596,8.102822587457966e-05,silence
studio_F1,0.3024943310657596,6.922808551091541e-05,silence
studio_F1,0.31249433106575963,3.8829987078939686e-05,silence
studio_F1,0.32249433106575964,2.4704561795772123e-05,silence
studio_F1,0.33249433106575965,2.2709471272011523e-05,silence
studio_F1,0.34249433106575966,2.0235870155263865e-05,silence
studio_F1,0.3524943310657596,1.876572006027383e-05,silence
studio_F1,0.3624943310657596,2.6957393124585354e-05,silence
studio_F1,0.37249433106575963,2.5631381982048377e-05,silence
studio_F1,0.38249433106575964,2.412445292717192e-05,silence
studio_F1,0.39249433106575965,2.182202281825076e-05,silence
studio_F1,0.40249433106575966,2.477687134353838e-05,silence
studio_F1,0.4124943310657596,2.0998577436981644e-05,silence
studio_F1,0.4224943310657596,2.3334713590080703e-05,silence
studio_F1,0.43249433106575963,2.12481558096835e-05,silence
studio_F1,0.44249433106575964,1.9082662507023536e-05,silence
studio_F1,0.45249433106575965,1.320739171524538e-05,silence
studio_F1,0.46249433106575966,1.0407101247235038e-05,silence
studio_F1,0.4724943310657596,1.2047798164048272e-05,silence
studio_F1,0.4824943310657596,1.1488287433556785e-05,silence
studio_F1,0.4924943310657596,8.881254555027968e-06,silence
studio_F1,0.5024943310657597,6.000972249980054e-06,silence
studio_F1,0.5124943310657596,4.444828529459235e-06,silence
studio_F1,0.5224943310657596,4.119819678974649e-06,silence
studio_F1,0.5324943310657596,3.3187969795161845e-06,silence
studio_F1,0.5424943310657596,3.4113205509275892e-06,silence
studio_F1,0.5524943310657596,3.152283359560424e-06,silence
studio_F1,0.5624943310657596,3.0069920637166723e-06,silence
studio_F1,0.5724943310657596,2.867030356054895e-06,silence
studio_F1,0.5824943310657597,2.299261164596744e-06,silence
studio_F1,0.5924943310657597,2.056500823623178e-06,silence
studio_F1,0.6024943310657597,1.6043981000062688e-06,silence
studio_F1,0.6124943310657597,1.327403557467404e-06,silence
studio_F1,0.6224943310657597,9.761788948444547e-07,silence
studio_F1,0.6324943310657596,9.133281657435058e-07,silence
studio_F1,0.6424943310657596,9.642233321659701e-07,silence
studio_F1,0.6524943310657596,3.0341681620139502e-06,silence
studio_F1,0.6624943310657596,7.608971423082252e-06,silence
studio_F1,0.6724943310657596,0.004498807414809513,silence
studio_F1,0.6824943310657596,0.13763773146826522,speech
studio_F1,0.6924943310657596,0.5456106005848497,speech
studio_F1,0.7024943310657596,1.0,speech
studio_F1,0.7124943310657597,0.970321494065822,speech
studio_F1,0.7224943310657597,0.7912205587094504,speech
studio_F1,0.7324943310657597,0.6412799667982674,speech
studio_F1,0.7424943310657597,0.4154189745666856,speech
studio_F1,0.7524943310657597,0.32727891309220597,speech
studio_F1,0.7624943310657596,0.26155720181758674,speech
studio_F1,0.7724943310657596,0.1728148520331803,speech
studio_F1,0.7824943310657596,0.09757700170015658,speech
studio_F1,0.7924943310657596,0.14972686318143733,speech
studio_F1,0.8024943310657596,0.24486855003790203,speech
studio_F1,0.8124943310657596,0.32505571336141265,speech
studio_F1,0.8224943310657596,0.3518191281537399,speech
studio_F1,0.8324943310657597,0.3534318261990749,speech
studio_F1,0.8424943310657597,0.34940988565543424,speech
studio_F1,0.8524943310657597,0.3186881746770633,speech
studio_F1,0.8624943310657597,0.30905877850879027,speech
studio_F1,0.8724943310657597,0.2829311857472165,speech
studio_F1,0.8824943310657596,0.2548230154106447,speech
studio_F1,0.8924943310657596,0.18346369283720199,speech
studio_F1,0.9024943310657596,0.10293953970095937,speech
studio_F1,0.9124943310657596,0.0565247025789489,speech
studio_F1,0.9224943310657596,0.053482708516868566,speech
studio_F1,0.9324943310657596,0.06950360385355649,speech
studio_F1,0.9424943310657596,0.08465917039999686,speech
studio_F1,0.9524943310657596,0.19740590906128352,speech
studio_F1,0.9624943310657597,0.4250708836356539,speech
studio_F1,0.9724943310657597,0.5854758904651663,speech
studio_F1,0.9824943310657597,0.45924171121192403,speech
studio_F1,0.9924943310657597,0.2909954547179521,speech
studio_F1,1.0024943310657597,0.18776230243438796,speech
studio_F1,1.0124943310657597,0.195560500069628,speech
studio_F1,1.0224943310657597,0.30366821153153817,speech
studio_F1,1.0324943310657597,0.43238480252703615,speech
studio_F1,1.0424943310657597,0.5616445903836006,speech
studio_F1,1.0524943310657597,0.6451709934504356,speech
studio_F1,1.0624943310657597,0.5058982828972332,speech
studio_F1,1.0724943310657595,0.23498446202114523,speech
studio_F1,1.0824943310657595,0.052884299618980855,speech
studio_F1,1.0924943310657595,0.002663933290474667,speech
studio_F1,1.1024943310657596,0.0010743510614998255,speech
studio_F1,1.1124943310657596,0.02334515146849933,speech
studio_F1,1.1224943310657596,0.19059230185146833,speech
studio_F1,1.1324943310657596,0.5120586900177485,speech
studio_F1,1.1424943310657596,0.7649379279875914,speech
studio_F1,1.1524943310657596,0.7481682527354486,speech
studio_F1,1.1624943310657596,0.7121443759387854,speech
studio_F1,1.1724943310657596,0.5615990696027093,speech
studio_F1,1.1824943310657596,0.36517024440994644,speech
studio_F1,1.1924943310657596,0.15832089278533243,speech
studio_F1,1.2024943310657596,0.012697820474391006,speech
studio_F1,1.2124943310657597,0.0024874787401875167,speech
studio_F1,1.2224943310657597,0.0004787858110002008,speech
studio_F1,1.2324943310657597,0.0002100870845595819,speech
studio_F1,1.2424943310657597,0.008544955812230257,speech
studio_F1,1.2524943310657597,0.023384992492860683,speech
studio_F1,1.2624943310657597,0.05200242793105937,speech
studio_F1,1.2724943310657597,0.1870280211594319,speech
studio_F1,1.2824943310657597,0.4325649458245455,speech
studio_F1,1.2924943310657597,0.6856017974822234,speech
studio_F1,1.3024943310657597,0.8491937297063933,speech
studio_F1,1.3124943310657597,0.8599031542919805,speech
studio_F1,1.3224943310657595,0.8590374871449049,speech
studio_F1,1.3324943310657595,0.8290009290095427,speech
studio_F1,1.3424943310657595,0.6505043291011314,speech
studio_F1,1.3524943310657596,0.5210709598224531,speech
studio_F1,1.3624943310657596,0.533686225552077,speech
studio_F1,1.3724943310657596,0.5091647435128596,speech
studio_F1,1.3824943310657596,0.49610689490446946,speech
studio_F1,1.3924943310657596,0.5223492980387738,speech
studio_F1,1.4024943310657596,0.5322009559435721,speech
studio_F1,1.4124943310657596,0.4646463351940705,speech
studio_F1,1.4224943310657596,0.3428034570634748,speech
studio_F1,1.4324943310657596,0.27849807299698187,speech
studio_F1,1.4424943310657596,0.38101173135612243,speech
studio_F1,1.4524943310657596,0.5221896092205638,speech
studio_F1,1.4624943310657597,0.5830603136792849,speech
studio_F1,1.4724943310657597,0.5631361691681981,speech
studio_F1,1.4824943310657597,0.5206208528615602,speech
studio_F1,1.4924943310657597,0.6224875808397325,speech
studio_F1,1.5024943310657597,0.7632177426637595,speech
studio_F1,1.5124943310657597,0.7365807202075112,speech
studio_F1,1.5224943310657597,0.631001996383165,speech
studio_F1,1.5324943310657597,0.49969175169604724,speech
studio_F1,1.5424943310657597,0.3857552846955963,speech
studio_F1,1.5524943310657597,0.2368287491104813,speech
studio_F1,1.5624943310657597,0.1981893685110099,speech
studio_F1,1.5724943310657595,0.28978222980896556,speech
studio_F1,1.5824943310657595,0.3619853339837363,speech
studio_F1,1.5924943310657595,0.38720396682527486,speech
studio_F1,1.6024943310657596,0.3977753978096831,speech
studio_F1,1.6124943310657596,0.35289887021372157,speech
studio_F1,1.6224943310657596,0.22347038322193233,speech
studio_F1,1.6324943310657596,0.08348598025310429,speech
studio_F1,1.6424943310657596,0.019465225004113577,speech
studio_F1,1.6524943310657596,0.002564360402413596,speech
studio_F1,1.6624943310657596,0.012963278619159751,speech
studio_F1,1.6724943310657596,0.10587355481802935,speech
studio_F1,1.6824943310657596,0.1349589139343846,speech
studio_F1,1.6924943310657596,0.11081429005240176,speech
studio_F1,1.7024943310657596,0.19475556247555686,speech
studio_F1,1.7124943310657597,0.3571118286714353,speech
studio_F1,1.7224943310657597,0.48604048316445086,speech
studio_F1,1.7324943310657597,0.5401253883799466,speech
studio_F1,1.7424943310657597,0.5500124312932431,speech
studio_F1,1.7524943310657597,0.37790119134780414,speech
studio_F1,1.7624943310657597,0.1360310223916032,speech
studio_F1,1.7724943310657597,0.010282194329801025,speech
studio_F1,1.7824943310657597,0.0009185559635926358,speech
studio_F1,1.7924943310657597,0.006387510235739383,speech
studio_F1,1.8024943310657597,0.04304609037779528,speech
studio_F1,1.8124943310657597,0.06061761062243443,speech
studio_F1,1.8224943310657595,0.0542394936178157,speech
studio_F1,1.8324943310657595,0.018260818546967334,speech
studio_F1,1.8424943310657595,0.006052473645054641,speech
studio_F1,1.8524943310657596,0.0011589527522432655,speech
studio_F1,1.8624943310657596,0.00020167464170733597,speech
studio_F1,1.8724943310657596,9.399689045071891e-05,speech
studio_F1,1.8824943310657596,5.565506484066337e-05,speech
studio_F1,1.8924943310657596,5.4239699071039405e-05,speech
studio_F1,1.9024943310657596,0.009091743039201976,speech
studio_F1,1.9124943310657596,0.13975875848026512,speech
studio_F1,1.9224943310657596,0.4255097290326753,speech
studio_F1,1.9324943310657596,0.6155088279856092,speech
studio_F1,1.9424943310657596,0.6104776738870142,speech
studio_F1,1.9524943310657596,0.5970055924959987,speech
studio_F1,1.9624943310657597,0.5507601329033701,speech
studio_F1,1.9724943310657597,0.501611226790911,speech
studio_F1,1.9824943310657597,0.45470030156593183,speech
studio_F1,1.9924943310657597,0.43161958088005414,speech
studio_F1,2.0024943310657597,0.4334493595819869,speech
studio_F1,2.0124943310657595,0.4498931702246346,speech
studio_F1,2.0224943310657597,0.43170911623299624,speech
studio_F1,2.0324943310657595,0.41534934272885915,speech
studio_F1,2.0424943310657597,0.3763866338276956,speech
studio_F1,2.0524943310657595,0.33469364801009627,speech
studio_F1,2.0624943310657597,0.2797304122579186,speech
studio_F1,2.0724943310657595,0.2466218703237332,speech
studio_F1,2.0824943310657598,0.23597219291840987,speech
studio_F1,2.0924943310657595,0.2322175029896822,speech
studio_F1,2.10249433106576,0.21536687667065765,speech
studio_F1,2.1124943310657596,0.1460898171898236,speech
studio_F1,2.12249433106576,0.07575495593106663,speech
studio_F1,2.1324943310657596,0.02923793567115792,speech
studio_F1,2.14249433106576,0.011976754177410849,speech
studio_F1,2.1524943310657596,0.003477776050226179,silence
studio_F1,2.16249433106576,0.0005003099530519564,silence
studio_F1,2.1724943310657596,8.399474187669809e-05,silence
studio_F1,2.18249433106576,7.81242725157145e-05,silence
studio_F1,2.1924943310657596,7.034993981606719e-05,silence
studio_F1,2.2024943310657594,8.985047084514234e-05,silence
studio_F1,2.2124943310657597,8.425430722545265e-05,silence
studio_F1,2.2224943310657594,6.0237118262231475e-05,silence
studio_F1,2.2324943310657597,5.564445367860736e-05,silence
studio_F1,2.2424943310657595,4.149847827163903e-05,silence
studio_F1,2.2524943310657597,4.0922642676445995e-05,silence
studio_F1,2.2624943310657595,3.641837243374996e-05,silence
studio_F1,2.2724943310657597,4.921298514358597e-05,silence
studio_F1,2.2824943310657595,5.71628101387749e-05,silence
studio_F1,2.2924943310657597,4.452928543209678e-05,silence
studio_F1,2.3024943310657595,6.006114582361041e-05,silence
studio_F1,2.3124943310657597,6.267586099141054e-05,silence
studio_F1,2.3224943310657595,4.350038682712792e-05,silence
studio_F1,2.3324943310657598,4.658357759755445e-05,silence
studio_F1,2.3424943310657595,5.3157648627174635e-05,silence
studio_F1,2.35249433106576,6.0945473347354694e-05,silence
studio_F1,2.3624943310657596,6.337730201618958e-05,silence
studio_F1,2.37249433106576,4.6964187016640184e-05,silence
studio_F1,2.3824943310657596,3.566363552715117e-05,silence
studio_F1,2.39249433106576,3.4290666391443273e-05,silence
studio_F1,2.4024943310657596,3.9258466763047304e-05,silence
studio_F1,2.41249433106576,4.165327640045603e-05,silence
studio_F1,2.4224943310657596,3.690154041460775e-05,silence
studio_F1,2.43249433106576,3.662377764314175e-05,silence
studio_F1,2.4424943310657596,2.682727435005245e-05,silence
studio_F1,2.4524943310657594,2.1812323928045724e-05,silence
studio_F1,2.4624943310657597,2.726343632343138e-05,silence
studio_F1,2.4724943310657594,3.247025191998921e-05,silence
studio_F1,2.4824943310657597,2.8891601505870782e-05,silence
studio_F1,2.4924943310657595,2.1434355295897007e-05,silence
studio_F1,2.5024943310657597,1.8000275963003148e-05,silence
studio_F1,2.5124943310657595,1.834641110898385e-05,silence
studio_F1,2.5224943310657597,1.799768319037408e-05,silence
studio_F1,2.5324943310657595,2.1556455681002976e-05,silence
studio_F1,2.5424943310657597,2.0501581335435484e-05,silence
studio_F1,2.5524943310657595,1.8377524380532676e-05,silence
studio_F1,2.5624943310657597,6.097471406089364e-05,silence
studio_F1,2.5724943310657595,0.00047584383030944267,silence
studio_F1,2.5824943310657598,0.0005523032066971393,silence
studio_F1,2.5924943310657595,0.00027316295275048823,silence
studio_F1,2.60249433106576,4.113400166002306e-05,silence
studio_F1,2.6124943310657596,4.335845653284037e-05,silence
studio_F1,2.62249433106576,4.741206448115787e-05,silence
studio_F1,2.6324943310657596,5.573779349325384e-05,silence
studio_F1,2.64249433106576,4.344248157174538e-05,silence
studio_F1,2.6524943310657596,4.0975842529649854e-05,silence
studio_F1,2.66249433106576,3.255403688735449e-05,silence
studio_F1,2.6724943310657596,2.24325247437806e-05,silence
studio_F1,2.68249433106576,2.183796356848874e-05,silence
studio_F1,2.6924943310657596,2.837991302609323e-05,silence
studio_F1,2.7024943310657594,4.676617601067203e-05,silence
studio_F1,2.7124943310657597,6.387165733079872e-05,silence
studio_F1,2.7224943310657594,6.927009803036791e-05,silence
studio_F1,2.7324943310657597,4.152747891363824e-05,silence
studio_F1,2.7424943310657595,3.1705191937182086e-05,silence
studio_F1,2.7524943310657597,9.005515583991493e-06,silence
studio_F1,2.7624943310657595,9.395391764510749e-06,silence
studio_F1,2.7724943310657597,8.257692737736888e-06,silence
studio_F1,2.7824943310657595,6.262794271208071e-06,silence
studio_F1,2.7924943310657597,6.806988437464873e-06,silence
studio_F1,2.8024943310657595,9.289040072410978e-06,silence
studio_F1,2.8124943310657597,1.1586524707613729e-05,silence
studio_F1,2.8224943310657595,9.795543006930389e-06,silence
studio_F1,2.8324943310657598,9.791221719215273e-06,silence
studio_F1,2.8424943310657595,5.2295743785241e-06,silence
studio_M1,0.012494331065759636,2.05675059937458e-08,silence
studio_M1,0.022494331065759637,2.7678205091955317e-08,silence
studio_M1,0.032494331065759635,3.169230942158972e-08,silence
studio_M1,0.04249433106575964,1.4053188110224825e-07,silence
studio_M1,0.05249433106575964,8.562275682935403e-07,silence
studio_M1,0.062494331065759634,5.745330182658156e-06,silence
studio_M1,0.07249433106575964,1.2048506178440362e-05,silence
studio_M1,0.08249433106575964,1.7777206500304316e-05,silence
studio_M1,0.09249433106575963,1.2326932100656811e-05,silence
studio_M1,0.10249433106575964,7.099727213041847e-06,silence
studio_M1,0.11249433106575964,2.0410382481414395e-06,silence
studio_M1,0.12249433106575963,3.2707686669162e-06,silence
studio_M1,0.13249433106575964,5.855201952595006e-06,silence
studio_M1,0.14249433106575965,4.807558952125471e-06,silence
studio_M1,0.15249433106575963,2.9600769918024976e-06,silence
studio_M1,0.16249433106575964,3.4812606520492194e-06,silence
studio_M1,0.17249433106575965,3.653863315266994e-05,silence
studio_M1,0.18249433106575963,9.861323949048193e-05,silence
studio_M1,0.19249433106575964,7.150255229160684e-05,silence
studio_M1,0.20249433106575965,2.6551235744019196e-05,silence
studio_M1,0.21249433106575963,8.554591540361531e-06,silence
studio_M1,0.22249433106575964,8.652879752090009e-06,silence
studio_M1,0.23249433106575965,1.2853850195660154e-05,silence
studio_M1,0.24249433106575963,1.4159810367132924e-05,silence
studio_M1,0.25249433106575964,1.2823075395799624e-05,silence
studio_M1,0.26249433106575965,1.1466461050643373e-05,silence
studio_M1,0.27249433106575965,1.4037781595512039e-05,silence
studio_M1,0.28249433106575966,1.5319160156661428e-05,silence
studio_M1,0.2924943310657596,1.4735776994087896e-05,silence
studio_M1,0.3024943310657596,1.2756020738712208e-05,silence
studio_M1,0.31249433106575963,1.4742543627100708e-05,silence
studio_M1,0.32249433106575964,1.4598762232969708e-05,silence
studio_M1,0.33249433106575965,1.1533821544251143e-05,silence
studio_M1,0.34249433106575966,1.0032087770187345e-05,silence
studio_M1,0.3524943310657596,1.0337656683585134e-05,silence
studio_M1,0.3624943310657596,1.4438962651085214e-05,silence
studio_M1,0.37249433106575963,1.3345941156908289e-05,silence
studio_M1,0.38249433106575964,1.4404288435590182e-05,silence
studio_M1,0.39249433106575965,1.4423173840721985e-05,silence
studio_M1,0.40249433106575966,1.5375739912926753e-05,silence
studio_M1,0.4124943310657596,8.172257660355116e-06,silence
studio_M1,0.4224943310657596,6.371071703300593e-06,silence
studio_M1,0.43249433106575963,1.1798026068271175e-05,silence
studio_M1,0.44249433106575964,1.0929068054817935e-05,silence
studio_M1,0.45249433106575965,7.222597035093704e-06,silence
studio_M1,0.46249433106575966,8.83271162605763e-06,silence
studio_M1,0.4724943310657596,1.0385787705975703e-05,silence
studio_M1,0.4824943310657596,1.0465343430832552e-05,silence
studio_M1,0.4924943310657596,1.4072646958832291e-05,silence
studio_M1,0.5024943310657597,1.3871330069309866e-05,silence
studio_M1,0.5124943310657596,1.3777170650606156e-05,silence
studio_M1,0.5224943310657596,3.089461131737875e-05,silence
studio_M1,0.5324943310657596,3.588486936085015e-05,silence
studio_M1,0.5424943310657596,1.9058546831888662e-05,silence
studio_M1,0.5524943310657596,2.1160331858885235e-05,silence
studio_M1,0.5624943310657596,2.273561931609395e-05,silence
studio_M1,0.5724943310657596,2.2052227611364955e-05,silence
studio_M1,0.5824943310657597,6.899763650121983e-05,silence
studio_M1,0.5924943310657597,7.929377587716704e-05,silence
studio_M1,0.6024943310657597,6.861774931337625e-05,silence
studio_M1,0.6124943310657597,2.6649103430532187e-05,silence
studio_M1,0.6224943310657597,2.5977371743141653e-05,silence
studio_M1,0.6324943310657596,2.7056974659988087e-05,silence
studio_M1,0.6424943310657596,3.732769137518094e-05,silence
studio_M1,0.6524943310657596,3.638739699335534e-05,silence
studio_M1,0.6624943310657596,2.2456237654751398e-05,silence
studio_M1,0.6724943310657596,1.4431469656336563e-05,silence
studio_M1,0.6824943310657596,1.6867075245298544e-05,silence
studio_M1,0.6924943310657596,1.7015711794190147e-05,silence
studio_M1,0.7024943310657596,1.471253341854106e-05,silence
studio_M1,0.7124943310657597,1.927010924484292e-05,silence
studio_M1,0.7224943310657597,1.6864016880095012e-05,silence
studio_M1,0.7324943310657597,1.1625878336877424e-05,silence
studio_M1,0.7424943310657597,6.703248393969101e-06,silence
studio_M1,0.7524943310657597,5.765438933871372e-06,silence
studio_M1,0.7624943310657596,3.9856997628066096e-06,silence
studio_M1,0.7724943310657596,1.8105904300553808e-06,silence
studio_M1,0.7824943310657596,1.4467596595303273e-06,silence
studio_M1,0.7924943310657596,7.515167896376486e-07,silence
studio_M1,0.8024943310657596,4.438452501624326e-07,silence
studio_M1,0.8124943310657596,4.2660371632752673e-07,silence
studio_M1,0.8224943310657596,1.4622426333732028e-06,silence
studio_M1,0.8324943310657597,2.639101563691922e-06,silence
studio_M1,0.8424943310657597,3.5754583003179735e-06,silence
studio_M1,0.8524943310657597,3.8646037925728004e-05,silence
studio_M1,0.8624943310657597,6.746111382296587e-05,silence
studio_M1,0.8724943310657597,0.0009828995881959919,speech
studio_M1,0.8824943310657596,0.0016443224439949844,speech
studio_M1,0.8924943310657596,0.002141877786352267,speech
studio_M1,0.9024943310657596,0.0007377064739541492,speech
studio_M1,0.9124943310657596,0.0003789660082442876,speech
studio_M1,0.9224943310657596,0.08076755573451577,speech
studio_M1,0.9324943310657596,0.657478061326717,speech
studio_M1,0.9424943310657596,1.0,speech
studio_M1,0.9524943310657596,0.8723534886434291,speech
studio_M1,0.9624943310657597,0.9783846707533855,speech
studio_M1,0.9724943310657597,0.7555521852354021,speech
studio_M1,0.9824943310657597,0.5975506544454001,speech
studio_M1,0.9924943310657597,0.4539672387689256,speech
studio_M1,1.0024943310657597,0.32092575934216083,speech
studio_M1,1.0124943310657597,0.2807169324273831,speech
studio_M1,1.0224943310657597,0.235232059679577,speech
studio_M1,1.0324943310657597,0.19302781133347371,speech
studio_M1,1.0424943310657597,0.14476121146051424,speech
studio_M1,1.0524943310657597,0.1134955129041807,speech
studio_M1,1.0624943310657597,0.08931203184665533,speech
studio_M1,1.0724943310657595,0.06080367545803438,speech
studio_M1,1.0824943310657595,0.050828309046421286,speech
studio_M1,1.0924943310657595,0.10315588074605148,speech
studio_M1,1.1024943310657596,0.28585668668797526,speech
studio_M1,1.1124943310657596,0.38826465209879363,speech
studio_M1,1.1224943310657596,0.4104452765715767,speech
studio_M1,1.1324943310657596,0.2791020469013904,speech
studio_M1,1.1424943310657596,0.19113188402727638,speech
studio_M1,1.1524943310657596,0.14782536010910421,speech
studio_M1,1.1624943310657596,0.07283007049710365,speech
studio_M1,1.1724943310657596,0.024739609254521552,speech
studio_M1,1.1824943310657596,0.011853896627875364,speech
studio_M1,1.1924943310657596,0.007894601031676048,speech
studio_M1,1.2024943310657596,0.04651424293369411,speech
studio_M1,1.2124943310657597,0.07900153952457839,speech
studio_M1,1.2224943310657597,0.17226684626969335,speech
studio_M1,1.2324943310657597,0.31901624998901285,speech
studio_M1,1.2424943310657597,0.40696345669745004,speech
studio_M1,1.2524943310657597,0.27958066633736045,speech
studio_M1,1.2624943310657597,0.10043193623219797,speech
studio_M1,1.2724943310657597,0.00928659351330849,speech
studio_M1,1.2824943310657597,0.0026422258366655886,speech
studio_M1,1.2924943310657597,0.001761277922957123,speech
studio_M1,1.3024943310657597,0.004944911777287344,speech
studio_M1,1.3124943310657597,0.0061100667262678,speech
studio_M1,1.3224943310657595,0.02530400868552199,speech
studio_M1,1.3324943310657595,0.1572294967662487,speech
studio_M1,1.3424943310657595,0.29625575572714297,speech
studio_M1,1.3524943310657596,0.3940300133119593,speech
studio_M1,1.3624943310657596,0.33673240391217124,speech
studio_M1,1.3724943310657596,0.3257689334158362,speech
studio_M1,1.3824943310657596,0.27317119735591383,speech
studio_M1,1.3924943310657596,0.20474316237375784,speech
studio_M1,1.4024943310657596,0.1476128717760846,speech
studio_M1,1.4124943310657596,0.13626916199761185,speech
studio_M1,1.4224943310657596,0.12723955174932308,speech
studio_M1,1.4324943310657596,0.10093386484564848,speech
studio_M1,1.4424943310657596,0.07818089710585575,speech
studio_M1,1.4524943310657596,0.06416198157131561,speech
studio_M1,1.4624943310657597,0.07017124912979326,speech
studio_M1,1.4724943310657597,0.07317314609270015,speech
studio_M1,1.4824943310657597,0.07879648795061724,speech
studio_M1,1.4924943310657597,0.10349424523588846,speech
studio_M1,1.5024943310657597,0.13311727863810124,speech
studio_M1,1.5124943310657597,0.1508453169861449,speech
studio_M1,1.5224943310657597,0.12984934056464004,speech
studio_M1,1.5324943310657597,0.11169513882839902,speech
studio_M1,1.5424943310657597,0.08723347043937263,speech
studio_M1,1.5524943310657597,0.06533788453313083,speech
studio_M1,1.5624943310657597,0.04964334495132886,speech
studio_M1,1.5724943310657595,0.044364899639650464,speech
studio_M1,1.5824943310657595,0.023005695289631724,speech
studio_M1,1.5924943310657595,0.008994832889427254,speech
studio_M1,1.6024943310657596,0.0044500448908622245,speech
studio_M1,1.6124943310657596,0.003777986340690563,speech
studio_M1,1.6224943310657596,0.02636631306825204,speech
studio_M1,1.6324943310657596,0.044789381959184124,speech
studio_M1,1.6424943310657596,0.03780022474085509,speech
studio_M1,1.6524943310657596,0.05750526788601909,speech
studio_M1,1.6624943310657596,0.13249512763820775,speech
studio_M1,1.6724943310657596,0.22905167605274787,speech
studio_M1,1.6824943310657596,0.26314578538529276,speech
studio_M1,1.6924943310657596,0.2103532747760027,speech
studio_M1,1.7024943310657596,0.11604516393761366,speech
studio_M1,1.7124943310657597,0.04366229948996504,speech
studio_M1,1.7224943310657597,0.0035259653496727073,speech
studio_M1,1.7324943310657597,0.0011744776107121195,speech
studio_M1,1.7424943310657597,0.0005965859722389164,speech
studio_M1,1.7524943310657597,0.00040682890036497114,speech
studio_M1,1.7624943310657597,0.0003283130196773222,speech
studio_M1,1.7724943310657597,0.00024563692126244017,speech
studio_M1,1.7824943310657597,0.0002400130846374923,speech
studio_M1,1.7924943310657597,0.00023008089072076526,speech
studio_M1,1.8024943310657597,0.0010709422000335098,speech
studio_M1,1.8124943310657597,0.03858414949737196,speech
studio_M1,1.8224943310657595,0.16838118639728555,speech
studio_M1,1.8324943310657595,0.37805235509060214,speech
studio_M1,1.8424943310657595,0.42971998185118837,speech
studio_M1,1.8524943310657596,0.33954149277807716,speech
studio_M1,1.8624943310657596,0.3179755079602477,speech
studio_M1,1.8724943310657596,0.2764757249460788,speech
studio_M1,1.8824943310657596,0.2275640037626099,speech
studio_M1,1.8924943310657596,0.19528631089291484,speech
studio_M1,1.9024943310657596,0.16895294356683352,speech
studio_M1,1.9124943310657596,0.14792826182651264,speech
studio_M1,1.9224943310657596,0.13483701088708316,speech
studio_M1,1.9324943310657596,0.11795131191802555,speech
studio_M1,1.9424943310657596,0.10620212950946692,speech
studio_M1,1.9524943310657596,0.09704769479969515,speech
studio_M1,1.9624943310657597,0.08683528077080503,speech
studio_M1,1.9724943310657597,0.09084793191821298,speech
studio_M1,1.9824943310657597,0.08786299584590401,speech
studio_M1,1.9924943310657597,0.07827567198232711,speech
studio_M1,2.0024943310657597,0.061410442689806284,speech
studio_M1,2.0124943310657595,0.04448370535310161,speech
studio_M1,2.0224943310657597,0.029981575838775705,speech
studio_M1,2.0324943310657595,0.016803793196378376,speech
studio_M1,2.0424943310657597,0.007001486750040111,speech
studio_M1,2.0524943310657595,0.0031314092865738557,speech
studio_M1,2.0624943310657597,0.000801147672553594,silence
studio_M1,2.0724943310657595,0.0003071950461765059,silence
studio_M1,2.0824943310657598,0.00013175842530200905,silence
studio_M1,2.0924943310657595,0.00013694912095500687,silence
studio_M1,2.10249433106576,0.0001191458036617774,silence
studio_M1,2.1124943310657596,8.279678915172637e-05,silence
studio_M1,2.12249433106576,8.002881572427066e-05,silence
studio_M1,2.1324943310657596,9.509420802816911e-05,silence
studio_M1,2.14249433106576,9.046372842132808e-05,silence
studio_M1,2.1524943310657596,6.987775754766596e-05,silence
studio_M1,2.16249433106576,6.180929315640568e-05,silence
studio_M1,2.1724943310657596,4.4678930896648165e-05,silence
studio_M1,2.18249433106576,4.0669337655688965e-05,silence
studio_M1,2.1924943310657596,5.495243837008924e-05,silence
studio_M1,2.2024943310657594,5.628672664925971e-05,silence
studio_M1,2.2124943310657597,5.0930076454405295e-05,silence
studio_M1,2.2224943310657594,3.629694584246091e-05,silence
studio_M1,2.2324943310657597,4.252377739684997e-05,silence
studio_M1,2.2424943310657595,4.3754692932141105e-05,silence
studio_M1,2.2524943310657597,3.85251178114934e-05,silence
studio_M1,2.2624943310657595,3.63742842525452e-05,silence
studio_M1,2.2724943310657597,3.9274493745488577e-05,silence
studio_M1,2.2824943310657595,3.277539122885517e-05,silence
studio_M1,2.2924943310657597,2.9540711271340635e-05,silence
studio_M1,2.3024943310657595,3.232917574566e-05,silence
studio_M1,2.3124943310657597,2.955600309735829e-05,silence
studio_M1,2.3224943310657595,3.2468751887636145e-05,silence
studio_M1,2.3324943310657598,2.579429035614528e-05,silence
studio_M1,2.3424943310657595,2.6044273481968893e-05,silence
studio_M1,2.35249433106576,2.0630087791723053e-05,silence
studio_M1,2.3624943310657596,1.5799744018831278e-05,silence
studio_M1,2.37249433106576,1.1785372082241565e-05,silence
studio_M1,2.3824943310657596,1.5558362545142595e-05,silence
studio_M1,2.39249433106576,1.570007954276121e-05,silence
studio_M1,2.4024943310657596,1.781918256272278e-05,silence
studio_M1,2.41249433106576,1.8329470796931923e-05,silence
studio_M1,2.4224943310657596,1.5268773589933255e-05,silence
studio_M1,2.43249433106576,1.163379185684156e-05,silence
studio_M1,2.4424943310657596,1.2065365416624824e-05,silence
studio_M1,2.4524943310657594,9.886394897804139e-06,silence
studio_M1,2.4624943310657597,1.1850362342816597e-05,silence
studio_M1,2.4724943310657594,1.1605616667404032e-05,silence
studio_M1,2.4824943310657597,1.0048067728375794e-05,silence
studio_M1,2.4924943310657595,9.930702963690294e-06,silence
studio_M1,2.5024943310657597,1.1092078920166136e-05,silence
studio_M1,2.5124943310657595,8.26913137817696e-06,silence
studio_M1,2.5224943310657597,4.363599013267905e-06,silence
studio_M1,2.5324943310657595,3.4473510278550697e-06,silence
studio_M1,2.5424943310657597,3.4411578383179198e-06,silence
studio_M1,2.5524943310657595,3.290533352044019e-06,silence
studio_M1,2.5624943310657597,3.3449722526668706e-06,silence
studio_M1,2.5724943310657595,3.294967981589139e-06,silence
studio_M1,2.5824943310657598,4.172604106307396e-06,silence
studio_M1,2.5924943310657595,3.997398009710116e-06,silence
studio_M1,2.60249433106576,3.525109963154845e-06,silence
studio_M1,2.6124943310657596,3.3304450179500983e-06,silence
studio_M1,2.62249433106576,3.583410049847154e-06,silence
studio_M1,2.6324943310657596,3.6790986511526293e-06,silence
studio_M1,2.64249433106576,3.3104127258669704e-06,silence
studio_M1,2.6524943310657596,2.148960310261039e-06,silence
studio_M1,2.66249433106576,1.7380307156016084e-06,silence
studio_M1,2.6724943310657596,1.5265065322123974e-06,silence
studio_M1,2.68249433106576,1.1948650554545075e-06,silence
studio_M1,2.6924943310657596,8.928132620407796e-07,silence
studio_M1,2.7024943310657594,6.480675866282135e-07,silence
studio_M1,2.7124943310657597,6.024597155305578e-07,silence
