W,files,invalid_files,mean_MAE_ms,valid_files_mean_MAE_ms,max_MAE_ms,max_regret_ms
1.0,4,2,,30.00566893424034,42.50566893424046,15.000000000000128
2.0,4,2,,25.005668934240333,37.50566893424035,10.000000000000014
3.0,4,1,,19.170445956160197,37.50566893424035,10.000000000000014
4.0,4,1,,17.503779289493565,32.50566893424045,5.011337868480626
5.0,4,1,,17.503779289493565,32.50566893424045,5.011337868480626
6.0,4,1,,15.837112622826906,32.50566893424045,5.011337868480626
7.0,4,1,,14.170445956160274,32.50566893424045,5.000000000000114
8.0,4,1,,14.170445956160274,32.50566893424045,5.000000000000114
9.0,4,1,,14.170445956160274,32.50566893424045,5.000000000000114
10.0,4,1,,12.50377928949357,27.505668934240333,0.011337868480731927
11.0,4,1,,12.50377928949357,27.505668934240333,0.011337868480731927
12.0,4,1,,12.50377928949357,27.505668934240333,0.011337868480731927
13.0,4,1,,12.50377928949357,27.505668934240333,0.011337868480731927
14.0,4,1,,12.50377928949357,27.505668934240333,0.011337868480731927
15.0,4,1,,12.50377928949357,27.505668934240333,0.011337868480731927
16.0,4,1,,12.50377928949357,27.505668934240333,0.011337868480731927
17.0,4,1,,12.50377928949357,27.505668934240333,0.011337868480731927
18.0,4,1,,12.50377928949357,27.505668934240333,0.011337868480731927
19.0,4,1,,12.50377928949357,27.505668934240333,0.011337868480731927
20.0,4,1,,12.50377928949357,27.505668934240333,0.011337868480731927
21.0,4,1,,12.50377928949357,27.505668934240333,0.011337868480731927
22.0,4,1,,12.50377928949357,27.505668934240333,0.011337868480731927
23.0,4,1,,12.50377928949357,27.505668934240333,0.011337868480731927
24.0,4,1,,12.50377928949357,27.505668934240333,0.011337868480731927
25.0,4,1,,12.50377928949357,27.505668934240333,0.011337868480731927
26.0,4,1,,12.50377928949357,27.505668934240333,0.011337868480731927
27.0,4,1,,12.50377928949357,27.505668934240333,0.011337868480731927
28.0,4,1,,12.50377928949357,27.505668934240333,0.011337868480731927
29.0,4,1,,14.170445956160274,27.505668934240333,5.0000000000001155
30.0,4,1,,14.170445956160274,27.505668934240333,5.0000000000001155
31.0,4,1,,14.170445956160274,27.505668934240333,5.0000000000001155
32.0,4,1,,14.170445956160274,27.505668934240333,5.0000000000001155
33.0,4,1,,14.170445956160274,27.505668934240333,5.0000000000001155
34.0,4,1,,14.170445956160274,27.505668934240333,5.0000000000001155
35.0,4,1,,14.170445956160274,27.505668934240333,5.0000000000001155
36.0,4,1,,14.170445956160274,27.505668934240333,5.0000000000001155
37.0,4,1,,14.166666666666698,27.505668934240333,5.0000000000001155
38.0,4,1,,14.166666666666698,27.505668934240333,5.0000000000001155
39.0,4,1,,14.166666666666698,27.505668934240333,5.0000000000001155
40.0,4,1,,14.166666666666698,27.505668934240333,5.0000000000001155
41.0,4,1,,14.166666666666698,27.505668934240333,5.0000000000001155
42.0,4,1,,14.166666666666698,27.505668934240333,5.0000000000001155
43.0,4,1,,14.166666666666698,27.505668934240333,5.0000000000001155
44.0,4,1,,14.166666666666698,27.505668934240333,5.0000000000001155
45.0,4,1,,14.166666666666698,27.505668934240333,5.0000000000001155
46.0,4,1,,14.166666666666698,27.505668934240333,5.0000000000001155
47.0,4,1,,14.166666666666698,27.505668934240333,5.0000000000001155
48.0,4,1,,14.166666666666698,27.505668934240333,5.0000000000001155
49.0,4,1,,14.166666666666698,27.505668934240333,5.0000000000001155
50.0,4,1,,14.166666666666698,27.505668934240333,5.0000000000001155
