filename,split,algorithm,ground_truth_region_count,predicted_region_count,before_mae_ms,after_mae_ms,delta_mae_ms,before_regions,after_regions,status
phone_F1,train,tt1,1,1,57.50000000000011,57.50000000000011,0.0,"[[0.53, 2.865]]","[[0.53, 2.865]]",boundary inside silence
phone_M1,train,tt1,1,1,77.50000000000001,77.50000000000001,0.0,"[[0.45, 3.665]]","[[0.45, 3.665]]",boundary inside silence
studio_F1,train,tt1,1,1,17.494331065759596,17.494331065759596,0.0,"[[0.66, 2.164988662131519]]","[[0.66, 2.164988662131519]]",OK
studio_M1,train,tt1,1,1,22.49433106575971,22.49433106575971,0.0,"[[0.91, 2.0649886621315194]]","[[0.91, 2.0649886621315194]]",OK
phone_F2,test,tt1,1,1,57.49999999999978,57.49999999999978,0.0,"[[1.01, 4.145]]","[[1.01, 4.145]]",boundary inside silence
phone_M2,test,tt1,1,1,12.500000000000068,12.500000000000068,0.0,"[[0.52, 2.535]]","[[0.52, 2.535]]",OK
studio_F2,test,tt1,1,1,7.505668934240428,7.505668934240428,0.0,"[[0.76, 2.3649886621315193]]","[[0.76, 2.3649886621315193]]",OK
studio_M2,test,tt1,1,1,2.4943310657596918,2.4943310657596918,0.0,"[[0.45, 1.9349886621315193]]","[[0.45, 1.9349886621315193]]",OK
phone_F1,train,tt2,1,1,2.4999999999999467,2.4999999999999467,0.0,"[[0.53, 2.745]]","[[0.53, 2.745]]",OK
phone_M1,train,tt2,1,1,12.499999999999956,12.499999999999956,0.0,"[[0.46, 3.545]]","[[0.46, 3.545]]",OK
studio_F1,train,tt2,1,1,17.494331065759596,17.494331065759596,0.0,"[[0.66, 2.164988662131519]]","[[0.66, 2.164988662131519]]",OK
studio_M1,train,tt2,1,1,22.49433106575971,22.49433106575971,0.0,"[[0.91, 2.0649886621315194]]","[[0.91, 2.0649886621315194]]",OK
phone_F2,test,tt2,1,1,32.499999999999865,32.499999999999865,0.0,"[[1.01, 4.095]]","[[1.01, 4.095]]",boundary inside silence
phone_M2,test,tt2,1,1,7.499999999999951,7.499999999999951,0.0,"[[0.52, 2.525]]","[[0.52, 2.525]]",OK
studio_F2,test,tt2,1,1,7.505668934240428,7.505668934240428,0.0,"[[0.76, 2.3649886621315193]]","[[0.76, 2.3649886621315193]]",OK
studio_M2,test,tt2,1,1,7.494331065759696,7.494331065759696,0.0,"[[0.46, 1.9349886621315193]]","[[0.46, 1.9349886621315193]]",OK
phone_F1,train,tt3,1,1,2.4999999999999467,2.4999999999999467,0.0,"[[0.53, 2.745]]","[[0.53, 2.745]]",OK
phone_M1,train,tt3,1,1,7.500000000000062,7.500000000000062,0.0,"[[0.46, 3.535]]","[[0.46, 3.535]]",OK
studio_F1,train,tt3,1,1,17.494331065759596,17.494331065759596,0.0,"[[0.66, 2.164988662131519]]","[[0.66, 2.164988662131519]]",OK
studio_M1,train,tt3,1,1,22.49433106575971,22.49433106575971,0.0,"[[0.91, 2.0649886621315194]]","[[0.91, 2.0649886621315194]]",OK
phone_F2,test,tt3,1,1,27.499999999999968,27.499999999999968,0.0,"[[1.01, 4.085]]","[[1.01, 4.085]]",boundary inside silence
phone_M2,test,tt3,1,1,7.499999999999951,7.499999999999951,0.0,"[[0.52, 2.525]]","[[0.52, 2.525]]",OK
studio_F2,test,tt3,1,1,7.505668934240428,7.505668934240428,0.0,"[[0.76, 2.3649886621315193]]","[[0.76, 2.3649886621315193]]",OK
studio_M2,test,tt3,1,1,7.494331065759696,7.494331065759696,0.0,"[[0.46, 1.9349886621315193]]","[[0.46, 1.9349886621315193]]",OK
