split,file,sample_rate_hz,duration_s,gt_start_s,gt_end_s,silence_power,speech_plus_noise_power,snr_proxy_db
train,phone_F1,16000,3.24,0.53,2.75,9.141032524074953e-05,0.021789419132039405,23.77250398687938
train,phone_M1,16000,4.16,0.46,3.52,1.2266908135743589e-05,0.0026134448302293414,23.284782236347723
train,studio_F1,44100,2.8631972789115645,0.68,2.15,7.634926525659181e-07,0.005750358902982303,38.7689008959662
train,studio_M1,44100,2.7301587301587302,0.87,2.06,5.867565756954236e-07,0.00353874442223819,37.80391232466751
all_dataset,phone_F1,16000,3.24,0.53,2.75,9.141032524074953e-05,0.021789419132039405,23.77250398687938
all_dataset,phone_M1,16000,4.16,0.46,3.52,1.2266908135743589e-05,0.0026134448302293414,23.284782236347723
all_dataset,studio_F1,44100,2.8631972789115645,0.68,2.15,7.634926525659181e-07,0.005750358902982303,38.7689008959662
all_dataset,studio_M1,44100,2.7301587301587302,0.87,2.06,5.867565756954236e-07,0.00353874442223819,37.80391232466751
all_dataset,phone_F2,16000,4.8,1.02,4.04,3.8275436636876695e-06,0.0011487046762605488,24.772882353154234
all_dataset,phone_M2,16000,2.8,0.53,2.52,4.693177344714418e-06,0.002352835165615189,27.001245369954997
all_dataset,studio_F2,44100,3.1494784580498867,0.77,2.37,2.471333443170639e-07,0.021013740538669615,49.295720193481
all_dataset,studio_M2,44100,2.381859410430839,0.45,1.93,7.569253478461112e-07,0.004428432266960596,37.67196957419809
