filename,split,algorithm,ground_truth_region_count,predicted_region_count_before,predicted_region_count_after,boundary_MAE_before_ms,boundary_MAE_after_ms,boundary_MAE_delta_ms,boundary_RMSE_before_ms,boundary_RMSE_after_ms,predicted_start_before_s,predicted_start_after_s,predicted_end_before_s,predicted_end_after_s,status_before,status_after
phone_F1,train,tt1,1,1,1,57.50000000000011,57.50000000000011,0.0,81.31727983645311,81.31727983645311,0.53,0.53,2.865,2.865,boundary inside silence,boundary inside silence
phone_F1,train,tt2,1,1,1,2.4999999999999467,2.4999999999999467,0.0,3.5355339059326623,3.5355339059326623,0.53,0.53,2.745,2.745,OK,OK
phone_F1,train,tt3,1,1,1,2.4999999999999467,2.4999999999999467,0.0,3.5355339059326623,3.5355339059326623,0.53,0.53,2.745,2.745,OK,OK
phone_F2,test,tt1,1,1,1,57.49999999999978,57.49999999999978,0.0,74.58216945088117,74.58216945088117,1.01,1.01,4.145,4.145,boundary inside silence,boundary inside silence
phone_F2,test,tt2,1,1,1,32.499999999999865,32.499999999999865,0.0,39.528470752104546,39.528470752104546,1.01,1.01,4.095,4.095,boundary inside silence,boundary inside silence
phone_F2,test,tt3,1,1,1,27.499999999999968,27.499999999999968,0.0,32.59601202601319,32.59601202601319,1.01,1.01,4.085,4.085,boundary inside silence,boundary inside silence
phone_M1,train,tt1,1,1,1,77.50000000000001,77.50000000000001,0.0,102.77402395547234,102.77402395547234,0.45,0.45,3.665,3.665,boundary inside silence,boundary inside silence
phone_M1,train,tt2,1,1,1,12.499999999999956,12.499999999999956,0.0,17.677669529663625,17.677669529663625,0.46,0.46,3.545,3.545,OK,OK
phone_M1,train,tt3,1,1,1,7.500000000000062,7.500000000000062,0.0,10.6066017177983,10.6066017177983,0.46,0.46,3.535,3.535,OK,OK
phone_M2,test,tt1,1,1,1,12.500000000000068,12.500000000000068,0.0,12.747548783982039,12.747548783982039,0.52,0.52,2.535,2.535,OK,OK
phone_M2,test,tt2,1,1,1,7.499999999999951,7.499999999999951,0.0,7.905694150420921,7.905694150420921,0.52,0.52,2.525,2.525,OK,OK
phone_M2,test,tt3,1,1,1,7.499999999999951,7.499999999999951,0.0,7.905694150420921,7.905694150420921,0.52,0.52,2.525,2.525,OK,OK
studio_F1,train,tt1,1,1,1,17.494331065759596,17.494331065759596,0.0,17.67286044324514,17.67286044324514,0.66,0.66,2.164988662131519,2.164988662131519,OK,OK
studio_F1,train,tt2,1,1,1,17.494331065759596,17.494331065759596,0.0,17.67286044324514,17.67286044324514,0.66,0.66,2.164988662131519,2.164988662131519,OK,OK
studio_F1,train,tt3,1,1,1,17.494331065759596,17.494331065759596,0.0,17.67286044324514,17.67286044324514,0.66,0.66,2.164988662131519,2.164988662131519,OK,OK
studio_F2,test,tt1,1,1,1,7.505668934240428,7.505668934240428,0.0,7.909282749784279,7.909282749784279,0.76,0.76,2.3649886621315193,2.3649886621315193,OK,OK
studio_F2,test,tt2,1,1,1,7.505668934240428,7.505668934240428,0.0,7.909282749784279,7.909282749784279,0.76,0.76,2.3649886621315193,2.3649886621315193,OK,OK
studio_F2,test,tt3,1,1,1,7.505668934240428,7.505668934240428,0.0,7.909282749784279,7.909282749784279,0.76,0.76,2.3649886621315193,2.3649886621315193,OK,OK
studio_M1,train,tt1,1,1,1,22.49433106575971,22.49433106575971,0.0,28.503392340758833,28.503392340758833,0.91,0.91,2.0649886621315194,2.0649886621315194,OK,OK
studio_M1,train,tt2,1,1,1,22.49433106575971,22.49433106575971,0.0,28.503392340758833,28.503392340758833,0.91,0.91,2.0649886621315194,2.0649886621315194,OK,OK
studio_M1,train,tt3,1,1,1,22.49433106575971,22.49433106575971,0.0,28.503392340758833,28.503392340758833,0.91,0.91,2.0649886621315194,2.0649886621315194,OK,OK
studio_M2,test,tt1,1,1,1,2.4943310657596918,2.4943310657596918,0.0,3.5275168222458926,3.5275168222458926,0.45,0.45,1.9349886621315193,1.9349886621315193,OK,OK
studio_M2,test,tt2,1,1,1,7.494331065759696,7.494331065759696,0.0,7.902112055091845,7.902112055091845,0.46,0.46,1.9349886621315193,1.9349886621315193,OK,OK
studio_M2,test,tt3,1,1,1,7.494331065759696,7.494331065759696,0.0,7.902112055091845,7.902112055091845,0.46,0.46,1.9349886621315193,1.9349886621315193,OK,OK
