record_id,algorithm,before_mae_ms,after_mae_ms,before_regions,after_regions,status,numeric_mask_final_diagnostic_exact
train/phone_F1,tt1,57.50000000000011,57.50000000000011,"[[0.53, 2.865]]","[[0.53, 2.865]]",boundary inside silence,True
train/phone_M1,tt1,77.50000000000001,77.50000000000001,"[[0.45, 3.665]]","[[0.45, 3.665]]",boundary inside silence,True
train/studio_F1,tt1,17.494331065759596,17.494331065759596,"[[0.66, 2.164988662131519]]","[[0.66, 2.164988662131519]]",OK,True
train/studio_M1,tt1,22.49433106575971,22.49433106575971,"[[0.91, 2.0649886621315194]]","[[0.91, 2.0649886621315194]]",OK,True
test/phone_F2,tt1,57.49999999999978,57.49999999999978,"[[1.01, 4.145]]","[[1.01, 4.145]]",boundary inside silence,True
test/phone_M2,tt1,12.500000000000068,12.500000000000068,"[[0.52, 2.535]]","[[0.52, 2.535]]",OK,True
test/studio_F2,tt1,7.505668934240428,7.505668934240428,"[[0.76, 2.3649886621315193]]","[[0.76, 2.3649886621315193]]",OK,True
test/studio_M2,tt1,2.4943310657596918,2.4943310657596918,"[[0.45, 1.9349886621315193]]","[[0.45, 1.9349886621315193]]",OK,True
train/phone_F1,tt2,2.4999999999999467,2.4999999999999467,"[[0.53, 2.745]]","[[0.53, 2.745]]",OK,True
train/phone_M1,tt2,12.499999999999956,12.499999999999956,"[[0.46, 3.545]]","[[0.46, 3.545]]",OK,True
train/studio_F1,tt2,17.494331065759596,17.494331065759596,"[[0.66, 2.164988662131519]]","[[0.66, 2.164988662131519]]",OK,True
train/studio_M1,tt2,22.49433106575971,22.49433106575971,"[[0.91, 2.0649886621315194]]","[[0.91, 2.0649886621315194]]",OK,True
test/phone_F2,tt2,32.499999999999865,32.499999999999865,"[[1.01, 4.095]]","[[1.01, 4.095]]",boundary inside silence,True
test/phone_M2,tt2,7.499999999999951,7.499999999999951,"[[0.52, 2.525]]","[[0.52, 2.525]]",OK,True
test/studio_F2,tt2,7.505668934240428,7.505668934240428,"[[0.76, 2.3649886621315193]]","[[0.76, 2.3649886621315193]]",OK,True
test/studio_M2,tt2,7.494331065759696,7.494331065759696,"[[0.46, 1.9349886621315193]]","[[0.46, 1.9349886621315193]]",OK,True
train/phone_F1,tt3,2.4999999999999467,2.4999999999999467,"[[0.53, 2.745]]","[[0.53, 2.745]]",OK,True
train/phone_M1,tt3,7.500000000000062,7.500000000000062,"[[0.46, 3.535]]","[[0.46, 3.535]]",OK,True
train/studio_F1,tt3,17.494331065759596,17.494331065759596,"[[0.66, 2.164988662131519]]","[[0.66, 2.164988662131519]]",OK,True
train/studio_M1,tt3,22.49433106575971,22.49433106575971,"[[0.91, 2.0649886621315194]]","[[0.91, 2.0649886621315194]]",OK,True
test/phone_F2,tt3,27.499999999999968,27.499999999999968,"[[1.01, 4.085]]","[[1.01, 4.085]]",boundary inside silence,True
test/phone_M2,tt3,7.499999999999951,7.499999999999951,"[[0.52, 2.525]]","[[0.52, 2.525]]",OK,True
test/studio_F2,tt3,7.505668934240428,7.505668934240428,"[[0.76, 2.3649886621315193]]","[[0.76, 2.3649886621315193]]",OK,True
test/studio_M2,tt3,7.494331065759696,7.494331065759696,"[[0.46, 1.9349886621315193]]","[[0.46, 1.9349886621315193]]",OK,True
