mode,algorithm,scope,total_files,defined_files,invalid_files,mean_mae_ms,valid_only_mean_mae_ms,median_defined_mae_ms,min_defined_mae_ms,max_defined_mae_ms,mean_file_rmse_ms,missing_regions,extra_regions,worst_defined_files,invalid_file_names
core,tt1,all,8,7,1,,83.21266601878847,12.500000000000068,2.4943310657596918,297.49999999999983,,0,2,"[""train/phone_M1""]","[""test/phone_F2""]"
core,tt1,test,4,3,1,,7.500000000000062,7.505668934240428,2.4943310657596918,12.500000000000068,,0,2,"[""test/phone_M2""]","[""test/phone_F2""]"
core,tt2,all,8,6,2,,10.8371126228269,7.505668934240372,2.4999999999999467,27.505668934240333,,0,2,"[""train/studio_M1""]","[""train/phone_F1"", ""test/phone_F2""]"
core,tt2,test,4,3,1,,9.170445956160233,7.505668934240317,2.4999999999999467,17.505668934240436,,0,1,"[""test/studio_F2""]","[""test/phone_F2""]"
core,tt3,all,8,8,0,12.49858276643992,12.49858276643992,7.502834467120245,2.4999999999999467,27.499999999999968,14.578936173630646,0,0,"[""test/phone_F2""]",[]
core,tt3,test,4,4,0,12.50000000000001,12.50000000000001,7.50283446712019,7.494331065759696,27.499999999999968,14.078275245327559,0,0,"[""test/phone_F2""]",[]
enhanced,tt1,all,8,8,0,31.873582766439924,31.873582766439924,19.994331065759653,2.4943310657596918,77.50000000000001,41.12925929785285,0,0,"[""train/phone_M1""]",[]
enhanced,tt1,test,4,4,0,19.999999999999993,19.999999999999993,10.002834467120248,2.4943310657596918,57.49999999999978,24.691629451723344,0,0,"[""test/phone_F2""]",[]
enhanced,tt2,all,8,8,0,13.748582766439894,13.748582766439894,10.002834467120191,2.4999999999999467,32.499999999999865,16.329376990875232,0,0,"[""test/phone_F2""]",[]
enhanced,tt2,test,4,4,0,13.749999999999986,13.749999999999986,7.50283446712019,7.494331065759696,32.499999999999865,15.811389926850397,0,0,"[""test/phone_F2""]",[]
enhanced,tt3,all,8,8,0,12.49858276643992,12.49858276643992,7.502834467120245,2.4999999999999467,27.499999999999968,14.578936173630646,0,0,"[""test/phone_F2""]",[]
enhanced,tt3,test,4,4,0,12.50000000000001,12.50000000000001,7.50283446712019,7.494331065759696,27.499999999999968,14.078275245327559,0,0,"[""test/phone_F2""]",[]
