mode,algorithm,record_id,gt_regions,predicted_regions,missing,extra,mae_ms,rmse_ms,status,final_regions
core,tt1,train/phone_F1,1,1,0,0,242.49999999999994,342.9467888754755,suspiciously high MAE,"[[0.53, 3.235]]"
core,tt1,train/phone_M1,1,1,0,0,297.49999999999983,380.67374482619607,suspiciously high MAE; boundary inside silence,"[[0.4, 4.055]]"
core,tt1,train/studio_F1,1,1,0,0,17.494331065759596,17.67286044324514,OK,"[[0.66, 2.164988662131519]]"
core,tt1,train/studio_M1,1,1,0,0,2.4943310657596918,3.5275168222458926,OK,"[[0.87, 2.0649886621315194]]"
core,tt1,test/phone_F2,1,3,0,2,,,extra predicted regions; boundary inside silence,"[[0.61, 0.645], [1.01, 4.155], [4.56, 4.795]]"
core,tt1,test/phone_M2,1,1,0,0,12.500000000000068,12.747548783982039,OK,"[[0.52, 2.535]]"
core,tt1,test/studio_F2,1,1,0,0,7.505668934240428,7.909282749784279,OK,"[[0.76, 2.3649886621315193]]"
core,tt1,test/studio_M2,1,1,0,0,2.4943310657596918,3.5275168222458926,OK,"[[0.45, 1.9349886621315193]]"
core,tt2,train/phone_F1,1,2,0,1,,,extra predicted regions,"[[0.54, 1.635], [1.9, 2.745]]"
core,tt2,train/phone_M1,1,1,0,0,2.4999999999999467,3.5355339059326623,OK,"[[0.46, 3.525]]"
core,tt2,train/studio_F1,1,1,0,0,7.505668934240428,7.909282749784279,OK,"[[0.67, 2.144988662131519]]"
core,tt2,train/studio_M1,1,1,0,0,27.505668934240333,30.21043085261847,OK,"[[0.91, 2.0449886621315194]]"
core,tt2,test/phone_F2,1,2,0,1,,,extra predicted regions,"[[1.05, 2.565], [2.78, 4.015]]"
core,tt2,test/phone_M2,1,1,0,0,2.4999999999999467,3.5355339059326623,OK,"[[0.53, 2.515]]"
core,tt2,test/studio_F2,1,1,0,0,17.505668934240436,19.046876672715992,OK,"[[0.76, 2.3449886621315192]]"
core,tt2,test/studio_M2,1,1,0,0,7.505668934240317,7.909282749784209,OK,"[[0.46, 1.9249886621315193]]"
core,tt3,train/phone_F1,1,1,0,0,2.4999999999999467,3.5355339059326623,OK,"[[0.53, 2.745]]"
core,tt3,train/phone_M1,1,1,0,0,7.500000000000062,10.6066017177983,OK,"[[0.46, 3.535]]"
core,tt3,train/studio_F1,1,1,0,0,17.494331065759596,17.67286044324514,OK,"[[0.66, 2.164988662131519]]"
core,tt3,train/studio_M1,1,1,0,0,22.49433106575971,28.503392340758833,OK,"[[0.91, 2.0649886621315194]]"
core,tt3,test/phone_F2,1,1,0,0,27.499999999999968,32.59601202601319,boundary inside silence,"[[1.01, 4.085]]"
core,tt3,test/phone_M2,1,1,0,0,7.499999999999951,7.905694150420921,OK,"[[0.52, 2.525]]"
core,tt3,test/studio_F2,1,1,0,0,7.505668934240428,7.909282749784279,OK,"[[0.76, 2.3649886621315193]]"
core,tt3,test/studio_M2,1,1,0,0,7.494331065759696,7.902112055091845,OK,"[[0.46, 1.9349886621315193]]"
enhanced,tt1,train/phone_F1,1,1,0,0,57.50000000000011,81.31727983645311,boundary inside silence,"[[0.53, 2.865]]"
enhanced,tt1,train/phone_M1,1,1,0,0,77.50000000000001,102.77402395547234,boundary inside silence,"[[0.45, 3.665]]"
enhanced,tt1,train/studio_F1,1,1,0,0,17.494331065759596,17.67286044324514,OK,"[[0.66, 2.164988662131519]]"
enhanced,tt1,train/studio_M1,1,1,0,0,22.49433106575971,28.503392340758833,OK,"[[0.91, 2.0649886621315194]]"
enhanced,tt1,test/phone_F2,1,1,0,0,57.49999999999978,74.58216945088117,boundary inside silence,"[[1.01, 4.145]]"
enhanced,tt1,test/phone_M2,1,1,0,0,12.500000000000068,12.747548783982039,OK,"[[0.52, 2.535]]"
enhanced,tt1,test/studio_F2,1,1,0,0,7.505668934240428,7.909282749784279,OK,"[[0.76, 2.3649886621315193]]"
enhanced,tt1,test/studio_M2,1,1,0,0,2.4943310657596918,3.5275168222458926,OK,"[[0.45, 1.9349886621315193]]"
enhanced,tt2,train/phone_F1,1,1,0,0,2.4999999999999467,3.5355339059326623,OK,"[[0.53, 2.745]]"
enhanced,tt2,train/phone_M1,1,1,0,0,12.499999999999956,17.677669529663625,OK,"[[0.46, 3.545]]"
enhanced,tt2,train/studio_F1,1,1,0,0,17.494331065759596,17.67286044324514,OK,"[[0.66, 2.164988662131519]]"
enhanced,tt2,train/studio_M1,1,1,0,0,22.49433106575971,28.503392340758833,OK,"[[0.91, 2.0649886621315194]]"
enhanced,tt2,test/phone_F2,1,1,0,0,32.499999999999865,39.528470752104546,boundary inside silence,"[[1.01, 4.095]]"
enhanced,tt2,test/phone_M2,1,1,0,0,7.499999999999951,7.905694150420921,OK,"[[0.52, 2.525]]"
enhanced,tt2,test/studio_F2,1,1,0,0,7.505668934240428,7.909282749784279,OK,"[[0.76, 2.3649886621315193]]"
enhanced,tt2,test/studio_M2,1,1,0,0,7.494331065759696,7.902112055091845,OK,"[[0.46, 1.9349886621315193]]"
enhanced,tt3,train/phone_F1,1,1,0,0,2.4999999999999467,3.5355339059326623,OK,"[[0.53, 2.745]]"
enhanced,tt3,train/phone_M1,1,1,0,0,7.500000000000062,10.6066017177983,OK,"[[0.46, 3.535]]"
enhanced,tt3,train/studio_F1,1,1,0,0,17.494331065759596,17.67286044324514,OK,"[[0.66, 2.164988662131519]]"
enhanced,tt3,train/studio_M1,1,1,0,0,22.49433106575971,28.503392340758833,OK,"[[0.91, 2.0649886621315194]]"
enhanced,tt3,test/phone_F2,1,1,0,0,27.499999999999968,32.59601202601319,boundary inside silence,"[[1.01, 4.085]]"
enhanced,tt3,test/phone_M2,1,1,0,0,7.499999999999951,7.905694150420921,OK,"[[0.52, 2.525]]"
enhanced,tt3,test/studio_F2,1,1,0,0,7.505668934240428,7.909282749784279,OK,"[[0.76, 2.3649886621315193]]"
enhanced,tt3,test/studio_M2,1,1,0,0,7.494331065759696,7.902112055091845,OK,"[[0.46, 1.9349886621315193]]"
