filename,W,ground_truth_region_count,predicted_region_count,boundary_MAE_ms,status,start_error_ms,end_error_ms,energy_threshold,low_ste_threshold,high_ste_threshold,raw_speech_frames,candidate_region_count,final_regions
phone_F2,1.0,1,1,32.499999999999865,boundary inside silence,-10.000000000000009,54.999999999999716,0.0004282325886742911,0.0025149672448754727,0.046939380448362183,191,1,"[(1.01, 4.095)]"
phone_M2,1.0,1,1,7.499999999999951,OK,-10.000000000000009,4.999999999999893,0.001254433793546923,0.0025149672448754727,0.10156259450357766,110,1,"[(0.52, 2.525)]"
studio_F2,1.0,1,1,7.505668934240428,OK,-10.000000000000009,-5.011337868480847,0.00607704898731404,0.0025149672448754727,0.05468750000000001,116,1,"[(0.76, 2.3649886621315193)]"
studio_M2,1.0,1,1,7.494331065759696,OK,10.000000000000009,4.9886621315193835,0.001239522777543405,0.0025149672448754727,0.06250009124562518,105,1,"[(0.46, 1.9349886621315193)]"
phone_F2,2.0,1,1,32.499999999999865,boundary inside silence,-10.000000000000009,54.999999999999716,0.00030945026826278385,0.0025149672448754727,0.033919426629350734,199,1,"[(1.01, 4.095)]"
phone_M2,2.0,1,1,7.499999999999951,OK,-10.000000000000009,4.999999999999893,0.0008684545645155595,0.0025149672448754727,0.07031259779065861,122,1,"[(0.52, 2.525)]"
studio_F2,2.0,1,1,7.505668934240428,OK,-10.000000000000009,-5.011337868480847,0.004340749276652886,0.0025149672448754727,0.03906250000000001,120,1,"[(0.76, 2.3649886621315193)]"
studio_M2,2.0,1,1,7.494331065759696,OK,10.000000000000009,4.9886621315193835,0.0008779958637508874,0.0025149672448754727,0.044270926353179,110,1,"[(0.46, 1.9349886621315193)]"
phone_F2,3.0,1,1,32.499999999999865,boundary inside silence,-10.000000000000009,54.999999999999716,0.0002500591080570303,0.0025149672448754727,0.02740944971984502,203,1,"[(1.01, 4.095)]"
phone_M2,3.0,1,1,7.499999999999951,OK,-10.000000000000009,4.999999999999893,0.0006754649499998778,0.0025149672448754727,0.054687599434199104,130,1,"[(0.52, 2.525)]"
studio_F2,3.0,1,1,7.505668934240428,OK,-10.000000000000009,-5.011337868480847,0.0034725994213223085,0.0025149672448754727,0.03125,124,1,"[(0.76, 2.3649886621315193)]"
studio_M2,3.0,1,1,7.494331065759696,OK,10.000000000000009,4.9886621315193835,0.0006972324068546286,0.0025149672448754727,0.035156343906955906,112,1,"[(0.46, 1.9349886621315193)]"
phone_F2,4.0,1,1,32.499999999999865,boundary inside silence,-10.000000000000009,54.999999999999716,0.00021442441193357807,0.0025149672448754727,0.023503463574141577,205,1,"[(1.01, 4.095)]"
phone_M2,4.0,1,1,7.499999999999951,OK,-10.000000000000009,4.999999999999893,0.0005596711812904687,0.0025149672448754727,0.045312600420323396,134,1,"[(0.52, 2.525)]"
studio_F2,4.0,1,1,7.505668934240428,OK,-10.000000000000009,-5.011337868480847,0.0029517095081239625,0.0025149672448754727,0.026562500000000003,125,1,"[(0.76, 2.3649886621315193)]"
studio_M2,4.0,1,1,7.494331065759696,OK,10.000000000000009,4.9886621315193835,0.0005887743327168735,0.0025149672448754727,0.02968759443922206,117,1,"[(0.46, 1.9349886621315193)]"
phone_F2,5.0,1,1,32.499999999999865,boundary inside silence,-10.000000000000009,54.999999999999716,0.00019066794785127668,0.0025149672448754727,0.020899472810339294,207,1,"[(1.01, 4.095)]"
phone_M2,5.0,1,1,7.499999999999951,OK,-10.000000000000009,4.999999999999893,0.000482475335484196,0.0025149672448754727,0.03906260107773958,138,1,"[(0.52, 2.525)]"
studio_F2,5.0,1,1,7.505668934240428,OK,-10.000000000000009,-5.011337868480847,0.0026044495659917313,0.0025149672448754727,0.0234375,127,1,"[(0.76, 2.3649886621315193)]"
studio_M2,5.0,1,1,7.494331065759696,OK,10.000000000000009,4.9886621315193835,0.00051646894995837,0.0025149672448754727,0.026041761460732823,118,1,"[(0.46, 1.9349886621315193)]"
phone_F2,6.0,1,1,32.499999999999865,boundary inside silence,-10.000000000000009,54.999999999999716,0.00017369904493534706,0.0025149672448754727,0.01903947940762337,210,1,"[(1.01, 4.095)]"
phone_M2,6.0,1,1,7.499999999999951,OK,-10.000000000000009,4.999999999999893,0.00042733544562257263,0.0025149672448754727,0.034598315833036866,140,1,"[(0.52, 2.525)]"
studio_F2,6.0,1,1,7.505668934240428,OK,-10.000000000000009,-5.011337868480847,0.002356406750182995,0.0025149672448754727,0.02120535714285714,129,1,"[(0.76, 2.3649886621315193)]"
studio_M2,6.0,1,1,7.494331065759696,OK,10.000000000000009,4.9886621315193835,0.0004648222479880103,0.0025149672448754727,0.023437595047526228,118,1,"[(0.46, 1.9349886621315193)]"
phone_F2,7.0,1,1,32.499999999999865,boundary inside silence,-10.000000000000009,54.999999999999716,0.00016097236774839988,0.0025149672448754727,0.017644484355586434,212,1,"[(1.01, 4.095)]"
phone_M2,7.0,1,1,7.499999999999951,OK,-10.000000000000009,4.999999999999893,0.0003859805282263551,0.0025149672448754727,0.03125010189950982,143,1,"[(0.52, 2.525)]"
studio_F2,7.0,1,1,7.505668934240428,OK,-10.000000000000009,-5.011337868480847,0.002170374638326443,0.0025149672448754727,0.019531250000000003,130,1,"[(0.76, 2.3649886621315193)]"
studio_M2,7.0,1,1,7.494331065759696,OK,10.000000000000009,4.9886621315193835,0.0004260872215102406,0.0025149672448754727,0.02148447023762128,119,1,"[(0.46, 1.9349886621315193)]"
phone_F2,8.0,1,1,32.499999999999865,boundary inside silence,-10.000000000000009,54.999999999999716,0.00015107384104744092,0.0025149672448754727,0.016559488204002142,215,1,"[(1.01, 4.095)]"
phone_M2,8.0,1,1,7.499999999999951,OK,-10.000000000000009,4.999999999999893,0.00035381559247374145,0.0025149672448754727,0.02864593550676657,144,1,"[(0.52, 2.525)]"
studio_F2,8.0,1,1,7.505668934240428,OK,-10.000000000000009,-5.011337868480847,0.0020256829957713465,0.0025149672448754727,0.018229166666666664,131,1,"[(0.76, 2.3649886621315193)]"
studio_M2,8.0,1,1,7.494331065759696,OK,10.000000000000009,4.9886621315193835,0.0003959599786941975,0.0025149672448754727,0.019965373163250765,119,1,"[(0.46, 1.9349886621315193)]"
phone_F2,9.0,1,1,32.499999999999865,boundary inside silence,-10.000000000000009,54.999999999999716,0.0001431550196866738,0.0025149672448754727,0.015691491282734716,216,1,"[(1.01, 4.095)]"
phone_M2,9.0,1,1,7.499999999999951,OK,-10.000000000000009,4.999999999999893,0.0003280836438716506,0.0025149672448754727,0.026562602392571973,144,1,"[(0.52, 2.525)]"
studio_F2,9.0,1,1,7.505668934240428,OK,-10.000000000000009,-5.011337868480847,0.0019099296817272696,0.0025149672448754727,0.017187499999999998,133,1,"[(0.76, 2.3649886621315193)]"
studio_M2,9.0,1,1,7.494331065759696,OK,10.000000000000009,4.9886621315193835,0.000371858184441363,0.0025149672448754727,0.018750095503754352,121,1,"[(0.46, 1.9349886621315193)]"
phone_F2,10.0,1,1,32.499999999999865,boundary inside silence,-10.000000000000009,54.999999999999716,0.0001366759840278643,0.0025149672448754727,0.014981311983515908,217,1,"[(1.01, 4.095)]"
phone_M2,10.0,1,1,7.499999999999951,OK,-10.000000000000009,4.999999999999893,0.00030703023137903076,0.0025149672448754727,0.02485805711732184,145,1,"[(0.52, 2.525)]"
studio_F2,10.0,1,1,7.505668934240428,OK,-10.000000000000009,-5.011337868480847,0.001815222424782116,0.0025149672448754727,0.016335227272727276,134,1,"[(0.76, 2.3649886621315193)]"
studio_M2,10.0,1,1,7.494331065759696,OK,10.000000000000009,4.9886621315193835,0.00035213853459813474,0.0025149672448754727,0.017755777418711833,121,1,"[(0.46, 1.9349886621315193)]"
phone_F2,11.0,1,1,32.499999999999865,boundary inside silence,-10.000000000000009,54.999999999999716,0.00013127678764552307,0.0025149672448754727,0.014389495900833571,219,1,"[(1.01, 4.095)]"
phone_M2,11.0,1,1,7.499999999999951,OK,-10.000000000000009,4.999999999999893,0.00028948572096851424,0.0025149672448754727,0.023437602721280065,146,1,"[(0.52, 2.525)]"
studio_F2,11.0,1,1,7.505668934240428,OK,-10.000000000000009,-5.011337868480847,0.0017362997106611542,0.0025149672448754727,0.015625,134,1,"[(0.76, 2.3649886621315193)]"
studio_M2,11.0,1,1,7.494331065759696,OK,10.000000000000009,4.9886621315193835,0.0003357054930621112,0.0025149672448754727,0.016927179014509734,122,1,"[(0.46, 1.9349886621315193)]"
phone_F2,12.0,1,1,32.499999999999865,boundary inside silence,-10.000000000000009,54.999999999999716,0.0001267082368604651,0.0025149672448754727,0.013888728446256205,220,1,"[(1.01, 4.095)]"
phone_M2,12.0,1,1,7.499999999999951,OK,-10.000000000000009,4.999999999999893,0.00027464036600576946,0.0025149672448754727,0.022235679770783178,146,1,"[(0.52, 2.525)]"
studio_F2,12.0,1,1,7.505668934240428,OK,-10.000000000000009,-5.011337868480847,0.0016695189525588023,0.0025149672448754727,0.015024038461538462,134,1,"[(0.76, 2.3649886621315193)]"
studio_M2,12.0,1,1,7.494331065759696,OK,10.000000000000009,4.9886621315193835,0.000321800611762399,0.0025149672448754727,0.01622605728787719,122,1,"[(0.46, 1.9349886621315193)]"
phone_F2,13.0,1,1,32.499999999999865,boundary inside silence,-10.000000000000009,54.999999999999716,0.00012279233618755827,0.0025149672448754727,0.013459499199475611,220,1,"[(1.01, 4.095)]"
phone_M2,13.0,1,1,7.499999999999951,OK,-10.000000000000009,4.999999999999893,0.00026191577603770257,0.0025149672448754727,0.021205460098928708,147,1,"[(0.52, 2.525)]"
studio_F2,13.0,1,1,7.505668934240428,OK,-10.000000000000009,-5.011337868480847,0.0016122783027567862,0.0025149672448754727,0.014508928571428572,134,1,"[(0.76, 2.3649886621315193)]"
studio_M2,13.0,1,1,7.494331065759696,OK,10.000000000000009,4.9886621315193835,0.00030988214207693137,0.0025149672448754727,0.015625095807906435,122,1,"[(0.46, 1.9349886621315193)]"
phone_F2,14.0,1,1,32.499999999999865,boundary inside silence,-10.000000000000009,54.999999999999716,0.00011939855560437234,0.0025149672448754727,0.013087500518932425,220,1,"[(1.01, 4.095)]"
phone_M2,14.0,1,1,7.499999999999951,OK,-10.000000000000009,4.999999999999893,0.0002508877980653779,0.0025149672448754727,0.02031260304998816,149,1,"[(0.52, 2.525)]"
studio_F2,14.0,1,1,7.505668934240428,OK,-10.000000000000009,-5.011337868480847,0.0015626697395950387,0.0025149672448754727,0.014062499999999999,135,1,"[(0.76, 2.3649886621315193)]"
studio_M2,14.0,1,1,7.494331065759696,OK,10.000000000000009,4.9886621315193835,0.0002995528016828595,0.0025149672448754727,0.015104262525265118,123,1,"[(0.46, 1.9349886621315193)]"
phone_F2,15.0,1,1,32.499999999999865,boundary inside silence,-10.000000000000009,54.999999999999716,0.00011642899759408467,0.0025149672448754727,0.01276200167345714,220,1,"[(1.01, 4.095)]"
phone_M2,15.0,1,1,7.499999999999951,OK,-10.000000000000009,4.999999999999893,0.0002412383173395938,0.0025149672448754727,0.019531353132165186,149,1,"[(0.52, 2.525)]"
studio_F2,15.0,1,1,7.505668934240428,OK,-10.000000000000009,-5.011337868480847,0.0015192622468285098,0.0025149672448754727,0.013671874999999998,135,1,"[(0.76, 2.3649886621315193)]"
studio_M2,15.0,1,1,7.494331065759696,OK,10.000000000000009,4.9886621315193835,0.0002905146288380465,0.0025149672448754727,0.01464853340295396,123,1,"[(0.46, 1.9349886621315193)]"
phone_F2,16.0,1,1,32.499999999999865,boundary inside silence,-10.000000000000009,54.999999999999716,0.00011380879934971318,0.0025149672448754727,0.012474796809802475,222,1,"[(1.01, 4.095)]"
phone_M2,16.0,1,1,7.499999999999951,OK,-10.000000000000009,4.999999999999893,0.00023272406964037253,0.0025149672448754727,0.01884201496938021,149,1,"[(0.52, 2.525)]"
studio_F2,16.0,1,1,7.505668934240428,OK,-10.000000000000009,-5.011337868480847,0.0014809615179168668,0.0025149672448754727,0.01332720588235294,136,1,"[(0.76, 2.3649886621315193)]"
studio_M2,16.0,1,1,7.494331065759696,OK,10.000000000000009,4.9886621315193835,0.00028253977044556455,0.0025149672448754727,0.014246419471502944,124,1,"[(0.46, 1.9349886621315193)]"
phone_F2,17.0,1,1,32.499999999999865,boundary inside silence,-10.000000000000009,54.999999999999716,0.0001114797342436052,0.0025149672448754727,0.012219503597664995,223,1,"[(1.01, 4.095)]"
phone_M2,17.0,1,1,7.499999999999951,OK,-10.000000000000009,4.999999999999893,0.00022515584946328698,0.0025149672448754727,0.01822926993579356,150,1,"[(0.52, 2.525)]"
studio_F2,17.0,1,1,7.505668934240428,OK,-10.000000000000009,-5.011337868480847,0.001446916425550962,0.0025149672448754727,0.013020833333333334,137,1,"[(0.76, 2.3649886621315193)]"
studio_M2,17.0,1,1,7.494331065759696,OK,10.000000000000009,4.9886621315193835,0.00027545100743002493,0.0025149672448754727,0.013888984865768702,124,1,"[(0.46, 1.9349886621315193)]"
phone_F2,18.0,1,1,32.499999999999865,boundary inside silence,-10.000000000000009,54.999999999999716,0.00010939583388550857,0.0025149672448754727,0.011991083355226197,224,1,"[(1.01, 4.095)]"
phone_M2,18.0,1,1,7.499999999999951,OK,-10.000000000000009,4.999999999999893,0.0002183842840416841,0.0025149672448754727,0.01768102437942656,152,1,"[(0.52, 2.525)]"
studio_F2,18.0,1,1,7.505668934240428,OK,-10.000000000000009,-5.011337868480847,0.00141645502711831,0.0025149672448754727,0.01274671052631579,137,1,"[(0.76, 2.3649886621315193)]"
studio_M2,18.0,1,1,7.494331065759696,OK,10.000000000000009,4.9886621315193835,0.0002691084299950685,0.0025149672448754727,0.013569174955374911,125,1,"[(0.46, 1.9349886621315193)]"
phone_F2,19.0,1,1,32.499999999999865,boundary inside silence,-10.000000000000009,54.999999999999716,0.00010752032356322163,0.0025149672448754727,0.01178550513703128,224,1,"[(1.01, 4.095)]"
phone_M2,19.0,1,1,7.499999999999951,OK,-10.000000000000009,4.999999999999893,0.0002122898751622415,0.0025149672448754727,0.017187603378696258,153,1,"[(0.52, 2.525)]"
studio_F2,19.0,1,1,7.505668934240428,OK,-10.000000000000009,-5.011337868480847,0.0013890397685289233,0.0025149672448754727,0.012499999999999999,137,1,"[(0.76, 2.3649886621315193)]"
studio_M2,19.0,1,1,7.494331065759696,OK,10.000000000000009,4.9886621315193835,0.0002634001103036077,0.0025149672448754727,0.013281346036020499,125,1,"[(0.46, 1.9349886621315193)]"
phone_F2,20.0,1,1,32.499999999999865,boundary inside silence,-10.000000000000009,54.999999999999716,0.00010582343327162865,0.0025149672448754727,0.011599505796759687,224,1,"[(1.01, 4.095)]"
phone_M2,20.0,1,1,7.499999999999951,OK,-10.000000000000009,4.999999999999893,0.00020677588617607918,0.0025149672448754727,0.016741174854225986,153,1,"[(0.52, 2.525)]"
studio_F2,20.0,1,1,7.505668934240428,OK,-10.000000000000009,-5.011337868480847,0.00136423548694805,0.0025149672448754727,0.012276785714285716,137,1,"[(0.76, 2.3649886621315193)]"
studio_M2,20.0,1,1,7.494331065759696,OK,10.000000000000009,4.9886621315193835,0.00025823544010657173,0.0025149672448754727,0.013020929394699838,125,1,"[(0.46, 1.9349886621315193)]"
phone_F2,21.0,1,1,32.499999999999865,boundary inside silence,-10.000000000000009,54.999999999999716,0.00010428080573381689,0.0025149672448754727,0.011430415487421878,224,1,"[(1.01, 4.095)]"
phone_M2,21.0,1,1,7.499999999999951,OK,-10.000000000000009,4.999999999999893,0.0002017631689159316,0.0025149672448754727,0.016335330741071193,153,1,"[(0.52, 2.525)]"
studio_F2,21.0,1,1,7.505668934240428,OK,-10.000000000000009,-5.011337868480847,0.0013416861400563464,0.0025149672448754727,0.012073863636363636,137,1,"[(0.76, 2.3649886621315193)]"
studio_M2,21.0,1,1,7.494331065759696,OK,10.000000000000009,4.9886621315193835,0.0002535402853819936,0.0025149672448754727,0.012784186993499239,125,1,"[(0.46, 1.9349886621315193)]"
phone_F2,22.0,1,1,32.499999999999865,boundary inside silence,-10.000000000000009,54.999999999999716,0.0001028723197210322,0.0025149672448754727,0.011276028683243875,225,1,"[(1.01, 4.095)]"
phone_M2,22.0,1,1,7.499999999999951,OK,-10.000000000000009,4.999999999999893,0.00019718634011318815,0.0025149672448754727,0.015964777420364642,153,1,"[(0.52, 2.525)]"
studio_F2,22.0,1,1,7.505668934240428,OK,-10.000000000000009,-5.011337868480847,0.0013210976059378347,0.0025149672448754727,0.011888586956521738,137,1,"[(0.76, 2.3649886621315193)]"
studio_M2,22.0,1,1,7.494331065759696,OK,10.000000000000009,4.9886621315193835,0.0002492534049812918,0.0025149672448754727,0.012568030888055212,125,1,"[(0.46, 1.9349886621315193)]"
phone_F2,23.0,1,1,32.499999999999865,boundary inside silence,-10.000000000000009,54.999999999999716,0.00010158120754264627,0.0025149672448754727,0.011134507446080709,227,1,"[(1.01, 4.095)]"
phone_M2,23.0,1,1,7.499999999999951,OK,-10.000000000000009,4.999999999999893,0.00019299091371067332,0.0025149672448754727,0.015625103543050304,154,1,"[(0.52, 2.525)]"
studio_F2,23.0,1,1,7.505668934240428,OK,-10.000000000000009,-5.011337868480847,0.0013022247829958657,0.0025149672448754727,0.01171875,137,1,"[(0.76, 2.3649886621315193)]"
studio_M2,23.0,1,1,7.494331065759696,OK,10.000000000000009,4.9886621315193835,0.0002453237646139818,0.0025149672448754727,0.012369887791398188,125,1,"[(0.46, 1.9349886621315193)]"
phone_F2,24.0,1,1,32.499999999999865,boundary inside silence,-10.000000000000009,54.999999999999716,0.00010039338433853119,0.0025149672448754727,0.011004307907890594,228,1,"[(1.01, 4.095)]"
phone_M2,24.0,1,1,7.499999999999951,OK,-10.000000000000009,4.999999999999893,0.0001891311214203597,0.0025149672448754727,0.015312603575921116,155,1,"[(0.52, 2.525)]"
studio_F2,24.0,1,1,7.505668934240428,OK,-10.000000000000009,-5.011337868480847,0.001284861785889254,0.0025149672448754727,0.0115625,137,1,"[(0.76, 2.3649886621315193)]"
studio_M2,24.0,1,1,7.494331065759696,OK,10.000000000000009,4.9886621315193835,0.00024170849547605662,0.0025149672448754727,0.012187596142473726,125,1,"[(0.46, 1.9349886621315193)]"
phone_F2,25.0,1,1,32.499999999999865,boundary inside silence,-10.000000000000009,54.999999999999716,9.929693215011729e-05,0.0025149672448754727,0.010884123718792028,228,1,"[(1.01, 4.095)]"
phone_M2,25.0,1,1,7.499999999999951,OK,-10.000000000000009,4.999999999999893,0.00018556823622930098,0.0025149672448754727,0.015024142067801864,155,1,"[(0.52, 2.525)]"
studio_F2,25.0,1,1,7.505668934240428,OK,-10.000000000000009,-5.011337868480847,0.0012688344039446897,0.0025149672448754727,0.011418269230769232,137,1,"[(0.76, 2.3649886621315193)]"
studio_M2,25.0,1,1,7.494331065759696,OK,10.000000000000009,4.9886621315193835,0.00023837132396412573,0.0025149672448754727,0.012019326928081917,125,1,"[(0.46, 1.9349886621315193)]"
phone_F2,26.0,1,1,32.499999999999865,boundary inside silence,-10.000000000000009,54.999999999999716,9.828169864232661e-05,0.0025149672448754727,0.010772842062219278,228,1,"[(1.01, 4.095)]"
phone_M2,26.0,1,1,7.499999999999951,OK,-10.000000000000009,4.999999999999893,0.00018226926845980214,0.0025149672448754727,0.014757048078802557,155,1,"[(0.52, 2.525)]"
studio_F2,26.0,1,1,7.505668934240428,OK,-10.000000000000009,-5.011337868480847,0.0012539942354775002,0.0025149672448754727,0.01128472222222222,137,1,"[(0.76, 2.3649886621315193)]"
studio_M2,26.0,1,1,7.494331065759696,OK,10.000000000000009,4.9886621315193835,0.00023528135034196743,0.0025149672448754727,0.01186352209994135,125,1,"[(0.46, 1.9349886621315193)]"
phone_F2,27.0,1,1,32.499999999999865,boundary inside silence,-10.000000000000009,54.999999999999716,9.733898181366387e-05,0.0025149672448754727,0.010669509095401729,228,1,"[(1.01, 4.095)]"
phone_M2,27.0,1,1,7.499999999999951,OK,-10.000000000000009,4.999999999999893,0.0001792059412452675,0.0025149672448754727,0.014509032231874627,155,1,"[(0.52, 2.525)]"
studio_F2,27.0,1,1,7.505668934240428,OK,-10.000000000000009,-5.011337868480847,0.0012402140790436817,0.0025149672448754727,0.011160714285714286,137,1,"[(0.76, 2.3649886621315193)]"
studio_M2,27.0,1,1,7.494331065759696,OK,10.000000000000009,4.9886621315193835,0.00023241208912139192,0.0025149672448754727,0.01171884618809654,125,1,"[(0.46, 1.9349886621315193)]"
phone_F2,28.0,1,1,32.499999999999865,boundary inside silence,-10.000000000000009,54.999999999999716,9.646127993870198e-05,0.0025149672448754727,0.010573302540088834,228,1,"[(1.01, 4.095)]"
phone_M2,28.0,1,1,7.499999999999951,OK,-10.000000000000009,4.999999999999893,0.00017635387797656284,0.0025149672448754727,0.01427812092611414,155,1,"[(0.52, 2.525)]"
studio_F2,28.0,1,1,7.505668934240428,OK,-10.000000000000009,-5.011337868480847,0.0012273842782259882,0.0025149672448754727,0.011045258620689655,137,1,"[(0.76, 2.3649886621315193)]"
studio_M2,28.0,1,1,7.494331065759696,OK,10.000000000000009,4.9886621315193835,0.00022974070798499401,0.0025149672448754727,0.011584147925344474,125,1,"[(0.46, 1.9349886621315193)]"
phone_F2,29.0,1,1,32.499999999999865,boundary inside silence,-10.000000000000009,54.999999999999716,9.564209152207089e-05,0.0025149672448754727,0.010483509755130134,228,1,"[(1.01, 4.095)]"
phone_M2,29.0,1,1,7.499999999999951,OK,-10.000000000000009,4.999999999999893,0.00017369195225910516,0.0025149672448754727,0.014062603707404354,156,1,"[(0.52, 2.525)]"
studio_F2,29.0,1,1,7.505668934240428,OK,-10.000000000000009,-5.011337868480847,0.001215409797462808,0.0025149672448754727,0.010937500000000001,138,1,"[(0.76, 2.3649886621315193)]"
studio_M2,29.0,1,1,7.494331065759696,OK,10.000000000000009,4.9886621315193835,0.00022724741892435595,0.0025149672448754727,0.01145842954677588,125,1,"[(0.46, 1.9349886621315193)]"
phone_F2,30.0,1,1,32.499999999999865,boundary inside silence,-10.000000000000009,54.999999999999716,9.487575397102891e-05,0.0025149672448754727,0.010399510053071997,228,1,"[(1.01, 4.095)]"
phone_M2,30.0,1,1,7.499999999999951,OK,-10.000000000000009,4.999999999999893,0.0001712017636847093,0.0025149672448754727,0.013860990825385524,156,1,"[(0.52, 2.525)]"
studio_F2,30.0,1,1,7.505668934240428,OK,-10.000000000000009,-5.011337868480847,0.0012042078638456392,0.0025149672448754727,0.010836693548387098,138,1,"[(0.76, 2.3649886621315193)]"
studio_M2,30.0,1,1,7.494331065759696,OK,10.000000000000009,4.9886621315193835,0.00022491498722246873,0.0025149672448754727,0.011340822031340743,125,1,"[(0.46, 1.9349886621315193)]"
phone_F2,31.0,1,1,32.499999999999865,boundary inside silence,-10.000000000000009,54.999999999999716,9.415731251692706e-05,0.0025149672448754727,0.010320760332392494,228,1,"[(1.01, 4.095)]"
phone_M2,31.0,1,1,7.499999999999951,OK,-10.000000000000009,4.999999999999893,0.00016886721189621315,0.0025149672448754727,0.013671978748492868,156,1,"[(0.52, 2.525)]"
studio_F2,31.0,1,1,7.505668934240428,OK,-10.000000000000009,-5.011337868480847,0.0011937060510795435,0.0025149672448754727,0.0107421875,138,1,"[(0.76, 2.3649886621315193)]"
studio_M2,31.0,1,1,7.494331065759696,OK,10.000000000000009,4.9886621315193835,0.00022272833250194948,0.0025149672448754727,0.011230564985620303,125,1,"[(0.46, 1.9349886621315193)]"
phone_F2,32.0,1,1,32.499999999999865,boundary inside silence,-10.000000000000009,54.999999999999716,9.34824129691344e-05,0.0025149672448754727,0.010246783322057201,228,1,"[(1.01, 4.095)]"
phone_M2,32.0,1,1,7.499999999999951,OK,-10.000000000000009,4.999999999999893,0.00016667414809489858,0.0025149672448754727,0.013494421948987647,156,1,"[(0.52, 2.525)]"
studio_F2,32.0,1,1,7.505668934240428,OK,-10.000000000000009,-5.011337868480847,0.0011838407118144234,0.0025149672448754727,0.010653409090909092,138,1,"[(0.76, 2.3649886621315193)]"
studio_M2,32.0,1,1,7.494331065759696,OK,10.000000000000009,4.9886621315193835,0.00022067420230994654,0.0025149672448754727,0.01112699018509504,125,1,"[(0.46, 1.9349886621315193)]"
phone_F2,33.0,1,1,32.499999999999865,boundary inside silence,-10.000000000000009,54.999999999999716,9.28472133947413e-05,0.0025149672448754727,0.010177157900565158,228,1,"[(1.01, 4.095)]"
phone_M2,33.0,1,1,7.499999999999951,OK,-10.000000000000009,4.999999999999893,0.00016461008804660252,0.0025149672448754727,0.01332730966710038,156,1,"[(0.52, 2.525)]"
studio_F2,33.0,1,1,7.505668934240428,OK,-10.000000000000009,-5.011337868480847,0.001174555686623722,0.0025149672448754727,0.01056985294117647,138,1,"[(0.76, 2.3649886621315193)]"
studio_M2,33.0,1,1,7.494331065759696,OK,10.000000000000009,4.9886621315193835,0.00021874090330570848,0.0025149672448754727,0.011029508019894793,125,1,"[(0.46, 1.9349886621315193)]"
phone_F2,34.0,1,1,32.499999999999865,boundary inside silence,-10.000000000000009,54.999999999999716,9.224831093888498e-05,0.0025149672448754727,0.010111511074586951,228,1,"[(1.01, 4.095)]"
phone_M2,34.0,1,1,7.499999999999951,OK,-10.000000000000009,4.999999999999893,0.00016266397428678052,0.0025149672448754727,0.013169746658463813,156,1,"[(0.52, 2.525)]"
studio_F2,34.0,1,1,7.505668934240428,OK,-10.000000000000009,-5.011337868480847,0.0011658012343010607,0.0025149672448754727,0.01049107142857143,138,1,"[(0.76, 2.3649886621315193)]"
studio_M2,34.0,1,1,7.494331065759696,OK,10.000000000000009,4.9886621315193835,0.000216918078530284,0.0025149672448754727,0.010937596264134559,125,1,"[(0.46, 1.9349886621315193)]"
phone_F2,35.0,1,1,32.499999999999865,boundary inside silence,-10.000000000000009,54.999999999999716,9.168268084168733e-05,0.0025149672448754727,0.01004951129449642,228,1,"[(1.01, 4.095)]"
phone_M2,35.0,1,1,7.499999999999951,OK,-10.000000000000009,4.999999999999893,0.00016082597795805974,0.0025149672448754727,0.013020937150307055,156,1,"[(0.52, 2.525)]"
studio_F2,35.0,1,1,7.505668934240428,OK,-10.000000000000009,-5.011337868480847,0.0011575331404407696,0.0025149672448754727,0.010416666666666668,138,1,"[(0.76, 2.3649886621315193)]"
studio_M2,35.0,1,1,7.494331065759696,OK,10.000000000000009,4.9886621315193835,0.0002151965217979387,0.0025149672448754727,0.010850790717027674,125,1,"[(0.46, 1.9349886621315193)]"
phone_F2,36.0,1,1,32.499999999999865,boundary inside silence,-10.000000000000009,54.999999999999716,9.114762534433819e-05,0.0025149672448754727,0.009990862853870243,228,1,"[(1.01, 4.095)]"
phone_M2,36.0,1,1,7.499999999999951,OK,-10.000000000000009,4.999999999999893,0.00015908733278224277,0.0025149672448754727,0.012880171399347959,156,1,"[(0.52, 2.525)]"
studio_F2,36.0,1,1,7.505668934240428,OK,-10.000000000000009,-5.011337868480847,0.0011497119705729264,0.0025149672448754727,0.010346283783783784,138,1,"[(0.76, 2.3649886621315193)]"
studio_M2,36.0,1,1,7.494331065759696,OK,10.000000000000009,4.9886621315193835,0.00021356802218626064,0.0025149672448754727,0.010768677361656293,125,1,"[(0.46, 1.9349886621315193)]"
phone_F2,37.0,1,1,32.499999999999865,boundary inside silence,-10.000000000000009,54.999999999999716,9.064073066263901e-05,0.0025149672448754727,0.009935301173277022,229,1,"[(1.01, 4.095)]"
phone_M2,37.0,1,1,7.499999999999951,OK,-10.000000000000009,4.999999999999893,0.00015744019524725829,0.0025149672448754727,0.012746814372123553,156,1,"[(0.52, 2.525)]"
studio_F2,37.0,1,1,7.505668934240428,OK,-10.000000000000009,-5.011337868480847,0.0011423024412244437,0.0025149672448754727,0.010279605263157895,138,1,"[(0.76, 2.3649886621315193)]"
studio_M2,37.0,1,1,7.494331065759696,OK,10.000000000000009,4.9886621315193835,0.00021202523308046047,0.0025149672448754727,0.010690885761830776,126,1,"[(0.46, 1.9349886621315193)]"
phone_F2,38.0,1,1,32.499999999999865,boundary inside silence,-10.000000000000009,54.999999999999716,9.015983058000133e-05,0.0025149672448754727,0.0098825888096373,229,1,"[(1.01, 4.095)]"
phone_M2,38.0,1,1,7.499999999999951,OK,-10.000000000000009,4.999999999999893,0.00015587752630381147,0.0025149672448754727,0.012620296166808091,156,1,"[(0.52, 2.525)]"
studio_F2,38.0,1,1,7.505668934240428,OK,-10.000000000000009,-5.011337868480847,0.0011352728877399854,0.0025149672448754727,0.010216346153846152,138,1,"[(0.76, 2.3649886621315193)]"
studio_M2,38.0,1,1,7.494331065759696,OK,10.000000000000009,4.9886621315193835,0.00021056156136470128,0.0025149672448754727,0.010617083474816824,126,1,"[(0.46, 1.9349886621315193)]"
phone_F2,39.0,1,1,32.499999999999865,boundary inside silence,-10.000000000000009,54.999999999999716,8.970297550149554e-05,0.0025149672448754727,0.009832512064179564,229,1,"[(1.01, 4.095)]"
phone_M2,39.0,1,1,7.499999999999951,OK,-10.000000000000009,4.999999999999893,0.000154392990807537,0.0025149672448754727,0.012500103871758404,156,1,"[(0.52, 2.525)]"
studio_F2,39.0,1,1,7.505668934240428,OK,-10.000000000000009,-5.011337868480847,0.0011285948119297503,0.0025149672448754727,0.01015625,138,1,"[(0.76, 2.3649886621315193)]"
studio_M2,39.0,1,1,7.494331065759696,OK,10.000000000000009,4.9886621315193835,0.0002091710732347301,0.0025149672448754727,0.010546971302153572,126,1,"[(0.46, 1.9349886621315193)]"
phone_F2,40.0,1,1,32.499999999999865,boundary inside silence,-10.000000000000009,54.999999999999716,8.926840603657539e-05,0.0025149672448754727,0.009784878086792936,229,1,"[(1.01, 4.095)]"
phone_M2,40.0,1,1,7.499999999999951,OK,-10.000000000000009,4.999999999999893,0.00015298087167693445,0.0025149672448754727,0.012385774615491627,156,1,"[(0.52, 2.525)]"
studio_F2,40.0,1,1,7.505668934240428,OK,-10.000000000000009,-5.011337868480847,0.0011222424959151365,0.0025149672448754727,0.01009908536585366,138,1,"[(0.76, 2.3649886621315193)]"
studio_M2,40.0,1,1,7.494331065759696,OK,10.000000000000009,4.9886621315193835,0.00020784841379402574,0.0025149672448754727,0.010480279235473889,126,1,"[(0.46, 1.9349886621315193)]"
phone_F2,41.0,1,1,32.499999999999865,boundary inside silence,-10.000000000000009,54.999999999999716,8.885453035569905e-05,0.0025149672448754727,0.009739512394043767,229,1,"[(1.01, 4.095)]"
phone_M2,41.0,1,1,7.499999999999951,OK,-10.000000000000009,4.999999999999893,0.00015163599631445583,0.0025149672448754727,0.012276889609523266,156,1,"[(0.52, 2.525)]"
studio_F2,41.0,1,1,7.505668934240428,OK,-10.000000000000009,-5.011337868480847,0.0011161926711393134,0.0025149672448754727,0.010044642857142856,138,1,"[(0.76, 2.3649886621315193)]"
studio_M2,41.0,1,1,7.494331065759696,OK,10.000000000000009,4.9886621315193835,0.00020658873813621207,0.0025149672448754727,0.01041676298149324,126,1,"[(0.46, 1.9349886621315193)]"
phone_F2,42.0,1,1,32.499999999999865,boundary inside silence,-10.000000000000009,54.999999999999716,8.845990470649139e-05,0.0025149672448754727,0.00969625673351549,229,1,"[(1.01, 4.095)]"
phone_M2,42.0,1,1,7.499999999999951,OK,-10.000000000000009,4.999999999999893,0.00015035367329441806,0.0025149672448754727,0.012173069022437156,156,1,"[(0.52, 2.525)]"
studio_F2,42.0,1,1,7.505668934240428,OK,-10.000000000000009,-5.011337868480847,0.0011104242335623661,0.0025149672448754727,0.009992732558139535,138,1,"[(0.76, 2.3649886621315193)]"
studio_M2,42.0,1,1,7.494331065759696,OK,10.000000000000009,4.9886621315193835,0.00020538765204387814,0.0025149672448754727,0.010356200971883785,126,1,"[(0.46, 1.9349886621315193)]"
phone_F2,43.0,1,1,32.499999999999865,boundary inside silence,-10.000000000000009,54.999999999999716,8.808321658679317e-05,0.0025149672448754727,0.009654967239374862,229,1,"[(1.01, 4.095)]"
phone_M2,43.0,1,1,7.499999999999951,OK,-10.000000000000009,4.999999999999893,0.00014912963768438204,0.0025149672448754727,0.012073967552945871,156,1,"[(0.52, 2.525)]"
studio_F2,43.0,1,1,7.505668934240428,OK,-10.000000000000009,-5.011337868480847,0.0011049179976934617,0.0025149672448754727,0.009943181818181816,138,1,"[(0.76, 2.3649886621315193)]"
studio_M2,43.0,1,1,7.494331065759696,OK,10.000000000000009,4.9886621315193835,0.00020424116077392304,0.0025149672448754727,0.010298391780892941,126,1,"[(0.46, 1.9349886621315193)]"
phone_F2,44.0,1,1,32.499999999999865,boundary inside silence,-10.000000000000009,54.999999999999716,8.772327016130376e-05,0.0025149672448754727,0.009615512833862706,229,1,"[(1.01, 4.095)]"
phone_M2,44.0,1,1,7.499999999999951,OK,-10.000000000000009,4.999999999999893,0.00014796000365701427,0.0025149672448754727,0.011979270593209752,156,1,"[(0.52, 2.525)]"
studio_F2,44.0,1,1,7.505668934240428,OK,-10.000000000000009,-5.011337868480847,0.0010996564834187311,0.0025149672448754727,0.009895833333333335,138,1,"[(0.76, 2.3649886621315193)]"
studio_M2,44.0,1,1,7.494331065759696,OK,10.000000000000009,4.9886621315193835,0.00020314562467152144,0.0025149672448754727,0.010243151887279468,127,1,"[(0.46, 1.9349886621315193)]"
phone_F2,45.0,1,1,32.499999999999865,boundary inside silence,-10.000000000000009,54.999999999999716,8.737897358040083e-05,0.0025149672448754727,0.009577773837285862,229,1,"[(1.01, 4.095)]"
phone_M2,45.0,1,1,7.499999999999951,OK,-10.000000000000009,4.999999999999893,0.0001468412232830103,0.0025149672448754727,0.011888690892592594,156,1,"[(0.52, 2.525)]"
studio_F2,45.0,1,1,7.505668934240428,OK,-10.000000000000009,-5.011337868480847,0.0010946237306342058,0.0025149672448754727,0.009850543478260868,138,1,"[(0.76, 2.3649886621315193)]"
studio_M2,45.0,1,1,7.494331065759696,OK,10.000000000000009,4.9886621315193835,0.0002020977205735721,0.0025149672448754727,0.010190313728170928,127,1,"[(0.46, 1.9349886621315193)]"
phone_F2,46.0,1,1,32.499999999999865,boundary inside silence,-10.000000000000009,54.999999999999716,8.704932791783422e-05,0.0025149672448754727,0.009541640755456968,229,1,"[(1.01, 4.095)]"
phone_M2,46.0,1,1,7.499999999999951,OK,-10.000000000000009,4.999999999999893,0.00014577005058449588,0.0025149672448754727,0.011801965647320849,156,1,"[(0.52, 2.525)]"
studio_F2,46.0,1,1,7.505668934240428,OK,-10.000000000000009,-5.011337868480847,0.0010898051375426393,0.0025149672448754727,0.00980718085106383,138,1,"[(0.76, 2.3649886621315193)]"
studio_M2,46.0,1,1,7.494331065759696,OK,10.000000000000009,4.9886621315193835,0.00020109440813936532,0.0025149672448754727,0.01013972400136488,127,1,"[(0.46, 1.9349886621315193)]"
phone_F2,47.0,1,1,32.499999999999865,boundary inside silence,-10.000000000000009,54.999999999999716,8.673341749120786e-05,0.0025149672448754727,0.009507013218704277,229,1,"[(1.01, 4.095)]"
phone_M2,47.0,1,1,7.499999999999951,OK,-10.000000000000009,4.999999999999893,0.0001447435100817529,0.0025149672448754727,0.011718853953935425,157,1,"[(0.52, 2.525)]"
studio_F2,47.0,1,1,7.505668934240428,OK,-10.000000000000009,-5.011337868480847,0.0010851873191632215,0.0025149672448754727,0.009765625000000002,138,1,"[(0.76, 2.3649886621315193)]"
studio_M2,47.0,1,1,7.494331065759696,OK,10.000000000000009,4.9886621315193835,0.00020013290038991714,0.0025149672448754727,0.010091242179842416,127,1,"[(0.46, 1.9349886621315193)]"
phone_F2,48.0,1,1,32.499999999999865,boundary inside silence,-10.000000000000009,54.999999999999716,8.643040136770911e-05,0.0025149672448754727,0.009473799050798636,229,1,"[(1.01, 4.095)]"
phone_M2,48.0,1,1,7.499999999999951,OK,-10.000000000000009,4.999999999999893,0.00014375886919136676,0.0025149672448754727,0.011639134574565734,157,1,"[(0.52, 2.525)]"
studio_F2,48.0,1,1,7.505668934240428,OK,-10.000000000000009,-5.011337868480847,0.0010807579831666368,0.0025149672448754727,0.009725765306122448,139,1,"[(0.76, 2.3649886621315193)]"
studio_M2,48.0,1,1,7.494331065759696,OK,10.000000000000009,4.9886621315193835,0.00019921063785473213,0.0025149672448754727,0.010044739208178012,128,1,"[(0.46, 1.9349886621315193)]"
phone_F2,49.0,1,1,32.499999999999865,boundary inside silence,-10.000000000000009,54.999999999999716,8.613950588915032e-05,0.0025149672448754727,0.00944191344960922,229,1,"[(1.01, 4.095)]"
phone_M2,49.0,1,1,7.499999999999951,OK,-10.000000000000009,4.999999999999893,0.0001428136139365961,0.0025149672448754727,0.011562603970370832,157,1,"[(0.52, 2.525)]"
studio_F2,49.0,1,1,7.505668934240428,OK,-10.000000000000009,-5.011337868480847,0.0010765058206099157,0.0025149672448754727,0.0096875,139,1,"[(0.76, 2.3649886621315193)]"
studio_M2,49.0,1,1,7.494331065759696,OK,10.000000000000009,4.9886621315193835,0.00019832526582095456,0.0025149672448754727,0.010000096355380185,128,1,"[(0.46, 1.9349886621315193)]"
phone_F2,50.0,1,1,32.499999999999865,boundary inside silence,-10.000000000000009,54.999999999999716,8.586001807641738e-05,0.0025149672448754727,0.009411278264152724,229,1,"[(1.01, 4.095)]"
phone_M2,50.0,1,1,7.499999999999951,OK,-10.000000000000009,4.999999999999893,0.00014190542751534586,0.0025149672448754727,0.011489074566340437,157,1,"[(0.52, 2.525)]"
studio_F2,50.0,1,1,7.505668934240428,OK,-10.000000000000009,-5.011337868480847,0.001072420409526007,0.0025149672448754727,0.009650735294117647,139,1,"[(0.76, 2.3649886621315193)]"
studio_M2,50.0,1,1,7.494331065759696,OK,10.000000000000009,4.9886621315193835,0.00019747461425908977,0.0025149672448754727,0.009957204202692076,128,1,"[(0.46, 1.9349886621315193)]"
